date,series_id,price
2016-01-04,GOLD,1075.0999755859375
2016-01-05,GOLD,1078.4000244140625
2016-01-06,GOLD,1091.9000244140625
2016-01-07,GOLD,1107.699951171875
2016-01-08,GOLD,1097.800048828125
2016-01-11,GOLD,1096.5
2016-01-12,GOLD,1085.5999755859375
2016-01-13,GOLD,1087.5
2016-01-14,GOLD,1073.9000244140625
2016-01-15,GOLD,1091.5
2016-01-19,GOLD,1089.9000244140625
2016-01-20,GOLD,1107.0999755859375
2016-01-21,GOLD,1099.0999755859375
2016-01-22,GOLD,1097.199951171875
2016-01-25,GOLD,1106.199951171875
2016-01-26,GOLD,1121.699951171875
2016-01-27,GOLD,1116.0999755859375
2016-01-28,GOLD,1115.5999755859375
2016-01-29,GOLD,1116.4000244140625
2016-02-01,GOLD,1127.9000244140625
2016-02-02,GOLD,1127.300048828125
2016-02-03,GOLD,1141.300048828125
2016-02-04,GOLD,1157.5999755859375
2016-02-05,GOLD,1157.800048828125
2016-02-08,GOLD,1197.9000244140625
2016-02-09,GOLD,1198.699951171875
2016-02-10,GOLD,1194.699951171875
2016-02-11,GOLD,1247.9000244140625
2016-02-12,GOLD,1239.0999755859375
2016-02-16,GOLD,1207.9000244140625
2016-02-17,GOLD,1211.0999755859375
2016-02-18,GOLD,1226.0999755859375
2016-02-19,GOLD,1230.4000244140625
2016-02-22,GOLD,1209.5
2016-02-23,GOLD,1222.300048828125
2016-02-24,GOLD,1238.699951171875
2016-02-25,GOLD,1238.199951171875
2016-02-26,GOLD,1219.800048828125
2016-02-29,GOLD,1233.9000244140625
2016-03-01,GOLD,1230.300048828125
2016-03-02,GOLD,1241.0999755859375
2016-03-03,GOLD,1257.4000244140625
2016-03-04,GOLD,1269.9000244140625
2016-03-07,GOLD,1263.199951171875
2016-03-08,GOLD,1262.0999755859375
2016-03-09,GOLD,1256.5999755859375
2016-03-10,GOLD,1272.0
2016-03-11,GOLD,1258.699951171875
2016-03-14,GOLD,1244.4000244140625
2016-03-15,GOLD,1230.4000244140625
2016-03-16,GOLD,1229.300048828125
2016-03-17,GOLD,1264.5
2016-03-18,GOLD,1253.800048828125
2016-03-21,GOLD,1243.800048828125
2016-03-22,GOLD,1248.199951171875
2016-03-23,GOLD,1223.699951171875
2016-03-24,GOLD,1221.4000244140625
2016-03-28,GOLD,1219.9000244140625
2016-03-29,GOLD,1235.5999755859375
2016-03-30,GOLD,1226.9000244140625
2016-03-31,GOLD,1234.199951171875
2016-04-01,GOLD,1222.199951171875
2016-04-04,GOLD,1218.0
2016-04-05,GOLD,1228.4000244140625
2016-04-06,GOLD,1222.5
2016-04-07,GOLD,1236.199951171875
2016-04-08,GOLD,1242.5
2016-04-11,GOLD,1256.699951171875
2016-04-12,GOLD,1259.4000244140625
2016-04-13,GOLD,1246.800048828125
2016-04-14,GOLD,1225.0
2016-04-15,GOLD,1233.0999755859375
2016-04-18,GOLD,1233.5999755859375
2016-04-19,GOLD,1253.0
2016-04-20,GOLD,1253.199951171875
2016-04-21,GOLD,1249.0
2016-04-22,GOLD,1228.699951171875
2016-04-25,GOLD,1238.9000244140625
2016-04-26,GOLD,1242.199951171875
2016-04-27,GOLD,1249.199951171875
2016-04-28,GOLD,1265.5
2016-04-29,GOLD,1289.199951171875
2016-05-02,GOLD,1294.699951171875
2016-05-03,GOLD,1290.699951171875
2016-05-04,GOLD,1273.300048828125
2016-05-05,GOLD,1271.4000244140625
2016-05-06,GOLD,1292.9000244140625
2016-05-09,GOLD,1265.5999755859375
2016-05-10,GOLD,1263.9000244140625
2016-05-11,GOLD,1274.5999755859375
2016-05-12,GOLD,1270.300048828125
2016-05-13,GOLD,1271.9000244140625
2016-05-16,GOLD,1273.4000244140625
2016-05-17,GOLD,1276.199951171875
2016-05-18,GOLD,1273.699951171875
2016-05-19,GOLD,1254.199951171875
2016-05-20,GOLD,1252.4000244140625
2016-05-23,GOLD,1251.0999755859375
2016-05-24,GOLD,1228.9000244140625
2016-05-25,GOLD,1223.5
2016-05-26,GOLD,1220.0999755859375
2016-05-27,GOLD,1213.800048828125
2016-05-31,GOLD,1214.800048828125
2016-06-01,GOLD,1211.9000244140625
2016-06-02,GOLD,1209.800048828125
2016-06-03,GOLD,1240.0999755859375
2016-06-06,GOLD,1244.5999755859375
2016-06-07,GOLD,1244.4000244140625
2016-06-08,GOLD,1259.800048828125
2016-06-09,GOLD,1270.199951171875
2016-06-10,GOLD,1273.4000244140625
2016-06-13,GOLD,1284.4000244140625
2016-06-14,GOLD,1285.5999755859375
2016-06-15,GOLD,1285.800048828125
2016-06-16,GOLD,1296.0999755859375
2016-06-17,GOLD,1292.5
2016-06-20,GOLD,1290.0
2016-06-21,GOLD,1270.5
2016-06-22,GOLD,1268.0
2016-06-23,GOLD,1261.199951171875
2016-06-24,GOLD,1320.0
2016-06-27,GOLD,1322.5
2016-06-28,GOLD,1315.300048828125
2016-06-29,GOLD,1323.9000244140625
2016-06-30,GOLD,1318.4000244140625
2016-07-01,GOLD,1336.699951171875
2016-07-05,GOLD,1356.4000244140625
2016-07-06,GOLD,1364.9000244140625
2016-07-07,GOLD,1360.0999755859375
2016-07-08,GOLD,1356.5999755859375
2016-07-11,GOLD,1355.0
2016-07-12,GOLD,1334.0999755859375
2016-07-13,GOLD,1342.4000244140625
2016-07-14,GOLD,1331.300048828125
2016-07-15,GOLD,1326.5
2016-07-18,GOLD,1328.4000244140625
2016-07-19,GOLD,1331.5
2016-07-20,GOLD,1318.800048828125
2016-07-21,GOLD,1330.5
2016-07-22,GOLD,1323.0999755859375
2016-07-25,GOLD,1319.300048828125
2016-07-26,GOLD,1320.699951171875
2016-07-27,GOLD,1326.5999755859375
2016-07-28,GOLD,1332.300048828125
2016-07-29,GOLD,1349.0
2016-08-01,GOLD,1351.4000244140625
2016-08-02,GOLD,1364.4000244140625
2016-08-03,GOLD,1356.0999755859375
2016-08-04,GOLD,1358.800048828125
2016-08-05,GOLD,1336.4000244140625
2016-08-08,GOLD,1333.4000244140625
2016-08-09,GOLD,1339.0
2016-08-10,GOLD,1344.300048828125
2016-08-11,GOLD,1342.5
2016-08-12,GOLD,1335.800048828125
2016-08-15,GOLD,1340.300048828125
2016-08-16,GOLD,1350.5
2016-08-17,GOLD,1342.699951171875
2016-08-18,GOLD,1351.199951171875
2016-08-19,GOLD,1340.4000244140625
2016-08-22,GOLD,1337.699951171875
2016-08-23,GOLD,1340.5999755859375
2016-08-24,GOLD,1324.4000244140625
2016-08-25,GOLD,1320.0999755859375
2016-08-26,GOLD,1321.5
2016-08-29,GOLD,1322.9000244140625
2016-08-30,GOLD,1311.699951171875
2016-08-31,GOLD,1306.9000244140625
2016-09-01,GOLD,1312.199951171875
2016-09-02,GOLD,1322.0999755859375
2016-09-06,GOLD,1349.4000244140625
2016-09-07,GOLD,1344.300048828125
2016-09-08,GOLD,1336.800048828125
2016-09-09,GOLD,1330.0999755859375
2016-09-12,GOLD,1321.0
2016-09-13,GOLD,1319.0
2016-09-14,GOLD,1321.5
2016-09-15,GOLD,1313.5
2016-09-16,GOLD,1305.800048828125
2016-09-19,GOLD,1313.5
2016-09-20,GOLD,1313.699951171875
2016-09-21,GOLD,1326.9000244140625
2016-09-22,GOLD,1340.4000244140625
2016-09-23,GOLD,1337.199951171875
2016-09-26,GOLD,1339.699951171875
2016-09-27,GOLD,1325.9000244140625
2016-09-28,GOLD,1319.4000244140625
2016-09-29,GOLD,1321.699951171875
2016-09-30,GOLD,1313.300048828125
2016-10-03,GOLD,1309.0
2016-10-04,GOLD,1266.300048828125
2016-10-05,GOLD,1265.199951171875
2016-10-06,GOLD,1249.800048828125
2016-10-07,GOLD,1248.9000244140625
2016-10-11,GOLD,1253.0
2016-10-12,GOLD,1251.0999755859375
2016-10-13,GOLD,1255.0
2016-10-14,GOLD,1253.0999755859375
2016-10-17,GOLD,1254.4000244140625
2016-10-18,GOLD,1260.800048828125
2016-10-19,GOLD,1267.9000244140625
2016-10-20,GOLD,1265.5999755859375
2016-10-21,GOLD,1265.9000244140625
2016-10-24,GOLD,1262.0
2016-10-25,GOLD,1271.9000244140625
2016-10-26,GOLD,1264.800048828125
2016-10-27,GOLD,1267.9000244140625
2016-10-28,GOLD,1275.5
2016-10-31,GOLD,1271.5
2016-11-01,GOLD,1286.4000244140625
2016-11-02,GOLD,1306.800048828125
2016-11-03,GOLD,1302.0999755859375
2016-11-04,GOLD,1303.300048828125
2016-11-07,GOLD,1278.300048828125
2016-11-08,GOLD,1273.4000244140625
2016-11-09,GOLD,1272.5999755859375
2016-11-10,GOLD,1265.5
2016-11-14,GOLD,1221.199951171875
2016-11-15,GOLD,1224.0
2016-11-16,GOLD,1223.4000244140625
2016-11-17,GOLD,1216.5
2016-11-18,GOLD,1208.5
2016-11-21,GOLD,1209.5999755859375
2016-11-22,GOLD,1211.0
2016-11-23,GOLD,1189.0999755859375
2016-11-25,GOLD,1178.199951171875
2016-11-28,GOLD,1190.5999755859375
2016-11-29,GOLD,1187.9000244140625
2016-11-30,GOLD,1170.800048828125
2016-12-01,GOLD,1166.9000244140625
2016-12-02,GOLD,1175.0999755859375
2016-12-05,GOLD,1174.0
2016-12-06,GOLD,1167.5999755859375
2016-12-07,GOLD,1175.0
2016-12-08,GOLD,1169.800048828125
2016-12-09,GOLD,1159.4000244140625
2016-12-12,GOLD,1163.5
2016-12-13,GOLD,1156.699951171875
2016-12-14,GOLD,1161.300048828125
2016-12-15,GOLD,1127.800048828125
2016-12-16,GOLD,1135.300048828125
2016-12-19,GOLD,1140.5
2016-12-20,GOLD,1131.5
2016-12-21,GOLD,1131.0999755859375
2016-12-22,GOLD,1128.800048828125
2016-12-23,GOLD,1131.9000244140625
2016-12-27,GOLD,1137.300048828125
2016-12-28,GOLD,1139.4000244140625
2016-12-29,GOLD,1156.4000244140625
2016-12-30,GOLD,1150.0
2017-01-03,GOLD,1160.4000244140625
2017-01-04,GOLD,1163.800048828125
2017-01-05,GOLD,1179.699951171875
2017-01-06,GOLD,1171.9000244140625
2017-01-09,GOLD,1183.5
2017-01-10,GOLD,1184.199951171875
2017-01-11,GOLD,1195.5999755859375
2017-01-12,GOLD,1198.9000244140625
2017-01-13,GOLD,1195.300048828125
2017-01-17,GOLD,1212.0
2017-01-18,GOLD,1211.300048828125
2017-01-19,GOLD,1200.9000244140625
2017-01-20,GOLD,1204.300048828125
2017-01-23,GOLD,1215.0
2017-01-24,GOLD,1210.300048828125
2017-01-25,GOLD,1197.300048828125
2017-01-26,GOLD,1189.5
2017-01-27,GOLD,1188.0999755859375
2017-01-30,GOLD,1193.199951171875
2017-01-31,GOLD,1208.5999755859375
2017-02-01,GOLD,1205.5999755859375
2017-02-02,GOLD,1216.699951171875
2017-02-03,GOLD,1218.5
2017-02-06,GOLD,1230.0
2017-02-07,GOLD,1234.199951171875
2017-02-08,GOLD,1237.5999755859375
2017-02-09,GOLD,1235.0999755859375
2017-02-10,GOLD,1234.4000244140625
2017-02-13,GOLD,1224.4000244140625
2017-02-14,GOLD,1223.9000244140625
2017-02-15,GOLD,1231.699951171875
2017-02-16,GOLD,1240.0
2017-02-17,GOLD,1237.5999755859375
2017-02-21,GOLD,1237.5
2017-02-22,GOLD,1232.0
2017-02-23,GOLD,1250.199951171875
2017-02-24,GOLD,1256.9000244140625
2017-02-27,GOLD,1257.4000244140625
2017-02-28,GOLD,1252.5999755859375
2017-03-01,GOLD,1248.9000244140625
2017-03-02,GOLD,1231.9000244140625
2017-03-03,GOLD,1225.5
2017-03-06,GOLD,1224.5
2017-03-07,GOLD,1215.0999755859375
2017-03-08,GOLD,1208.5
2017-03-09,GOLD,1202.4000244140625
2017-03-10,GOLD,1200.699951171875
2017-03-13,GOLD,1202.4000244140625
2017-03-14,GOLD,1201.9000244140625
2017-03-15,GOLD,1200.0999755859375
2017-03-16,GOLD,1226.5
2017-03-17,GOLD,1229.800048828125
2017-03-20,GOLD,1233.5999755859375
2017-03-21,GOLD,1246.0999755859375
2017-03-22,GOLD,1249.300048828125
2017-03-23,GOLD,1246.9000244140625
2017-03-24,GOLD,1248.199951171875
2017-03-27,GOLD,1255.4000244140625
2017-03-28,GOLD,1255.300048828125
2017-03-29,GOLD,1253.4000244140625
2017-03-30,GOLD,1245.0
2017-03-31,GOLD,1247.300048828125
2017-04-03,GOLD,1250.800048828125
2017-04-04,GOLD,1255.0
2017-04-05,GOLD,1245.4000244140625
2017-04-06,GOLD,1250.300048828125
2017-04-07,GOLD,1254.300048828125
2017-04-10,GOLD,1251.0999755859375
2017-04-11,GOLD,1271.199951171875
2017-04-12,GOLD,1275.300048828125
2017-04-13,GOLD,1285.9000244140625
2017-04-17,GOLD,1289.4000244140625
2017-04-18,GOLD,1291.699951171875
2017-04-19,GOLD,1281.4000244140625
2017-04-20,GOLD,1281.9000244140625
2017-04-21,GOLD,1287.4000244140625
2017-04-24,GOLD,1275.800048828125
2017-04-25,GOLD,1265.5999755859375
2017-04-26,GOLD,1262.0999755859375
2017-04-27,GOLD,1263.699951171875
2017-04-28,GOLD,1266.0999755859375
2017-05-01,GOLD,1253.300048828125
2017-05-02,GOLD,1255.0999755859375
2017-05-03,GOLD,1246.4000244140625
2017-05-04,GOLD,1226.5
2017-05-05,GOLD,1224.800048828125
2017-05-08,GOLD,1225.300048828125
2017-05-09,GOLD,1214.300048828125
2017-05-10,GOLD,1217.300048828125
2017-05-11,GOLD,1222.699951171875
2017-05-12,GOLD,1226.199951171875
2017-05-15,GOLD,1228.5999755859375
2017-05-16,GOLD,1235.0
2017-05-17,GOLD,1257.5
2017-05-18,GOLD,1251.699951171875
2017-05-19,GOLD,1252.699951171875
2017-05-22,GOLD,1260.699951171875
2017-05-23,GOLD,1254.800048828125
2017-05-24,GOLD,1252.4000244140625
2017-05-25,GOLD,1255.800048828125
2017-05-26,GOLD,1267.5999755859375
2017-05-30,GOLD,1262.0999755859375
2017-05-31,GOLD,1272.0
2017-06-01,GOLD,1267.0
2017-06-02,GOLD,1276.800048828125
2017-06-05,GOLD,1279.300048828125
2017-06-06,GOLD,1294.4000244140625
2017-06-07,GOLD,1290.0999755859375
2017-06-08,GOLD,1276.300048828125
2017-06-09,GOLD,1268.5
2017-06-12,GOLD,1266.0999755859375
2017-06-13,GOLD,1265.800048828125
2017-06-14,GOLD,1272.800048828125
2017-06-15,GOLD,1252.199951171875
2017-06-16,GOLD,1254.0
2017-06-19,GOLD,1244.199951171875
2017-06-20,GOLD,1241.0
2017-06-21,GOLD,1243.4000244140625
2017-06-22,GOLD,1247.5999755859375
2017-06-23,GOLD,1256.199951171875
2017-06-26,GOLD,1246.300048828125
2017-06-27,GOLD,1246.4000244140625
2017-06-28,GOLD,1248.0
2017-06-29,GOLD,1244.199951171875
2017-06-30,GOLD,1240.699951171875
2017-07-03,GOLD,1217.9000244140625
2017-07-05,GOLD,1220.4000244140625
2017-07-06,GOLD,1222.199951171875
2017-07-07,GOLD,1208.5999755859375
2017-07-10,GOLD,1212.0999755859375
2017-07-11,GOLD,1213.5999755859375
2017-07-12,GOLD,1218.0999755859375
2017-07-13,GOLD,1216.300048828125
2017-07-14,GOLD,1226.5999755859375
2017-07-17,GOLD,1232.800048828125
2017-07-18,GOLD,1241.0999755859375
2017-07-19,GOLD,1241.199951171875
2017-07-20,GOLD,1244.800048828125
2017-07-21,GOLD,1254.300048828125
2017-07-24,GOLD,1253.9000244140625
2017-07-25,GOLD,1251.699951171875
2017-07-26,GOLD,1249.0
2017-07-27,GOLD,1259.5999755859375
2017-07-28,GOLD,1268.4000244140625
2017-07-31,GOLD,1266.5999755859375
2017-08-01,GOLD,1272.5999755859375
2017-08-02,GOLD,1271.800048828125
2017-08-03,GOLD,1267.800048828125
2017-08-04,GOLD,1258.300048828125
2017-08-07,GOLD,1258.199951171875
2017-08-08,GOLD,1256.4000244140625
2017-08-09,GOLD,1273.0
2017-08-10,GOLD,1283.699951171875
2017-08-11,GOLD,1287.699951171875
2017-08-14,GOLD,1284.199951171875
2017-08-15,GOLD,1273.699951171875
2017-08-16,GOLD,1276.9000244140625
2017-08-17,GOLD,1286.4000244140625
2017-08-18,GOLD,1285.699951171875
2017-08-21,GOLD,1290.800048828125
2017-08-22,GOLD,1285.0999755859375
2017-08-23,GOLD,1288.9000244140625
2017-08-24,GOLD,1286.5
2017-08-25,GOLD,1292.5
2017-08-28,GOLD,1309.699951171875
2017-08-29,GOLD,1313.0999755859375
2017-08-30,GOLD,1308.0999755859375
2017-08-31,GOLD,1316.199951171875
2017-09-01,GOLD,1324.5
2017-09-05,GOLD,1339.199951171875
2017-09-06,GOLD,1333.9000244140625
2017-09-07,GOLD,1345.0999755859375
2017-09-08,GOLD,1346.0
2017-09-11,GOLD,1331.0
2017-09-12,GOLD,1328.0
2017-09-13,GOLD,1323.4000244140625
2017-09-14,GOLD,1324.699951171875
2017-09-15,GOLD,1320.4000244140625
2017-09-18,GOLD,1306.300048828125
2017-09-19,GOLD,1306.199951171875
2017-09-20,GOLD,1312.0
2017-09-21,GOLD,1290.5999755859375
2017-09-22,GOLD,1293.300048828125
2017-09-25,GOLD,1306.800048828125
2017-09-26,GOLD,1297.0
2017-09-27,GOLD,1283.4000244140625
2017-09-28,GOLD,1285.5
2017-09-29,GOLD,1281.5
2017-10-02,GOLD,1272.699951171875
2017-10-03,GOLD,1271.5
2017-10-04,GOLD,1273.699951171875
2017-10-05,GOLD,1269.9000244140625
2017-10-06,GOLD,1271.5999755859375
2017-10-09,GOLD,1281.800048828125
2017-10-10,GOLD,1290.5999755859375
2017-10-11,GOLD,1285.800048828125
2017-10-12,GOLD,1293.300048828125
2017-10-13,GOLD,1301.5
2017-10-16,GOLD,1299.9000244140625
2017-10-17,GOLD,1283.0
2017-10-18,GOLD,1279.9000244140625
2017-10-19,GOLD,1286.9000244140625
2017-10-20,GOLD,1277.4000244140625
2017-10-23,GOLD,1277.699951171875
2017-10-24,GOLD,1275.0
2017-10-25,GOLD,1275.4000244140625
2017-10-26,GOLD,1266.300048828125
2017-10-27,GOLD,1268.5
2017-10-30,GOLD,1274.0999755859375
2017-10-31,GOLD,1267.0
2017-11-01,GOLD,1274.0999755859375
2017-11-02,GOLD,1274.9000244140625
2017-11-03,GOLD,1266.5
2017-11-06,GOLD,1279.4000244140625
2017-11-07,GOLD,1273.699951171875
2017-11-08,GOLD,1281.5999755859375
2017-11-09,GOLD,1285.5999755859375
2017-11-10,GOLD,1272.4000244140625
2017-11-13,GOLD,1277.300048828125
2017-11-14,GOLD,1281.5
2017-11-15,GOLD,1276.5
2017-11-16,GOLD,1277.4000244140625
2017-11-17,GOLD,1295.800048828125
2017-11-20,GOLD,1274.5999755859375
2017-11-21,GOLD,1281.0999755859375
2017-11-22,GOLD,1291.5999755859375
2017-11-24,GOLD,1286.699951171875
2017-11-27,GOLD,1293.800048828125
2017-11-28,GOLD,1294.699951171875
2017-11-29,GOLD,1282.0999755859375
2017-11-30,GOLD,1273.199951171875
2017-12-01,GOLD,1278.800048828125
2017-12-04,GOLD,1274.300048828125
2017-12-05,GOLD,1261.5999755859375
2017-12-06,GOLD,1262.800048828125
2017-12-07,GOLD,1249.800048828125
2017-12-08,GOLD,1245.199951171875
2017-12-11,GOLD,1243.699951171875
2017-12-12,GOLD,1238.5
2017-12-13,GOLD,1245.4000244140625
2017-12-14,GOLD,1253.800048828125
2017-12-15,GOLD,1254.300048828125
2017-12-18,GOLD,1262.199951171875
2017-12-19,GOLD,1260.699951171875
2017-12-20,GOLD,1266.0999755859375
2017-12-21,GOLD,1267.300048828125
2017-12-22,GOLD,1275.4000244140625
2017-12-26,GOLD,1284.0999755859375
2017-12-27,GOLD,1287.0
2017-12-28,GOLD,1294.0999755859375
2017-12-29,GOLD,1306.300048828125
2018-01-02,GOLD,1313.699951171875
2018-01-03,GOLD,1316.199951171875
2018-01-04,GOLD,1319.4000244140625
2018-01-05,GOLD,1320.300048828125
2018-01-08,GOLD,1318.5999755859375
2018-01-09,GOLD,1311.699951171875
2018-01-10,GOLD,1317.4000244140625
2018-01-11,GOLD,1320.5999755859375
2018-01-12,GOLD,1333.4000244140625
2018-01-16,GOLD,1335.4000244140625
2018-01-17,GOLD,1338.0
2018-01-18,GOLD,1326.0
2018-01-19,GOLD,1331.9000244140625
2018-01-22,GOLD,1330.9000244140625
2018-01-23,GOLD,1335.699951171875
2018-01-24,GOLD,1355.9000244140625
2018-01-25,GOLD,1362.4000244140625
2018-01-26,GOLD,1351.5999755859375
2018-01-30,GOLD,1335.4000244140625
2018-01-31,GOLD,1339.0
2018-02-01,GOLD,1344.300048828125
2018-02-02,GOLD,1333.699951171875
2018-02-05,GOLD,1333.0
2018-02-06,GOLD,1326.0999755859375
2018-02-07,GOLD,1311.5999755859375
2018-02-08,GOLD,1316.9000244140625
2018-02-09,GOLD,1313.0999755859375
2018-02-12,GOLD,1324.199951171875
2018-02-13,GOLD,1328.0999755859375
2018-02-14,GOLD,1355.5
2018-02-15,GOLD,1352.0999755859375
2018-02-16,GOLD,1353.199951171875
2018-02-20,GOLD,1328.800048828125
2018-02-21,GOLD,1330.0
2018-02-22,GOLD,1330.5999755859375
2018-02-23,GOLD,1328.199951171875
2018-02-26,GOLD,1330.699951171875
2018-02-27,GOLD,1315.5
2018-02-28,GOLD,1315.5
2018-03-01,GOLD,1302.9000244140625
2018-03-02,GOLD,1321.0999755859375
2018-03-05,GOLD,1318.0999755859375
2018-03-06,GOLD,1333.5999755859375
2018-03-07,GOLD,1326.0
2018-03-08,GOLD,1319.9000244140625
2018-03-09,GOLD,1322.4000244140625
2018-03-12,GOLD,1319.4000244140625
2018-03-13,GOLD,1325.9000244140625
2018-03-14,GOLD,1324.4000244140625
2018-03-15,GOLD,1316.800048828125
2018-03-16,GOLD,1311.300048828125
2018-03-19,GOLD,1316.800048828125
2018-03-20,GOLD,1311.0999755859375
2018-03-21,GOLD,1320.699951171875
2018-03-22,GOLD,1326.5999755859375
2018-03-23,GOLD,1349.300048828125
2018-03-26,GOLD,1354.4000244140625
2018-03-27,GOLD,1341.300048828125
2018-03-28,GOLD,1324.199951171875
2018-03-29,GOLD,1322.800048828125
2018-04-02,GOLD,1342.0999755859375
2018-04-03,GOLD,1332.800048828125
2018-04-04,GOLD,1335.800048828125
2018-04-05,GOLD,1324.300048828125
2018-04-06,GOLD,1331.9000244140625
2018-04-09,GOLD,1336.300048828125
2018-04-10,GOLD,1342.0
2018-04-11,GOLD,1356.5
2018-04-12,GOLD,1338.4000244140625
2018-04-13,GOLD,1344.800048828125
2018-04-16,GOLD,1347.5
2018-04-17,GOLD,1347.199951171875
2018-04-18,GOLD,1351.199951171875
2018-04-19,GOLD,1346.800048828125
2018-04-20,GOLD,1336.699951171875
2018-04-23,GOLD,1322.5
2018-04-24,GOLD,1331.4000244140625
2018-04-25,GOLD,1321.199951171875
2018-04-26,GOLD,1316.300048828125
2018-04-27,GOLD,1320.300048828125
2018-04-30,GOLD,1316.199951171875
2018-05-01,GOLD,1303.800048828125
2018-05-02,GOLD,1302.5999755859375
2018-05-03,GOLD,1310.699951171875
2018-05-04,GOLD,1312.699951171875
2018-05-07,GOLD,1312.199951171875
2018-05-08,GOLD,1312.0
2018-05-09,GOLD,1311.300048828125
2018-05-10,GOLD,1320.800048828125
2018-05-11,GOLD,1319.0
2018-05-14,GOLD,1316.5
2018-05-15,GOLD,1288.9000244140625
2018-05-16,GOLD,1290.199951171875
2018-05-17,GOLD,1288.199951171875
2018-05-18,GOLD,1290.199951171875
2018-05-21,GOLD,1290.199951171875
2018-05-22,GOLD,1291.699951171875
2018-05-23,GOLD,1289.300048828125
2018-05-24,GOLD,1303.699951171875
2018-05-25,GOLD,1303.300048828125
2018-05-29,GOLD,1298.699951171875
2018-05-30,GOLD,1301.5
2018-05-31,GOLD,1300.0999755859375
2018-06-01,GOLD,1294.800048828125
2018-06-04,GOLD,1293.0999755859375
2018-06-05,GOLD,1297.5
2018-06-06,GOLD,1297.0999755859375
2018-06-07,GOLD,1298.699951171875
2018-06-08,GOLD,1298.0999755859375
2018-06-11,GOLD,1298.9000244140625
2018-06-12,GOLD,1295.0999755859375
2018-06-13,GOLD,1296.9000244140625
2018-06-14,GOLD,1304.0
2018-06-15,GOLD,1274.5999755859375
2018-06-18,GOLD,1276.199951171875
2018-06-19,GOLD,1275.5999755859375
2018-06-20,GOLD,1271.199951171875
2018-06-21,GOLD,1267.199951171875
2018-06-22,GOLD,1267.4000244140625
2018-06-25,GOLD,1265.5999755859375
2018-06-26,GOLD,1256.5999755859375
2018-06-27,GOLD,1252.800048828125
2018-06-28,GOLD,1247.800048828125
2018-06-29,GOLD,1251.300048828125
2018-07-02,GOLD,1239.800048828125
2018-07-03,GOLD,1251.5999755859375
2018-07-05,GOLD,1257.300048828125
2018-07-06,GOLD,1254.300048828125
2018-07-09,GOLD,1258.0999755859375
2018-07-10,GOLD,1253.800048828125
2018-07-11,GOLD,1242.800048828125
2018-07-12,GOLD,1245.0
2018-07-13,GOLD,1239.5999755859375
2018-07-16,GOLD,1238.0999755859375
2018-07-17,GOLD,1225.699951171875
2018-07-18,GOLD,1226.300048828125
2018-07-19,GOLD,1222.4000244140625
2018-07-20,GOLD,1229.5
2018-07-23,GOLD,1224.0
2018-07-24,GOLD,1223.9000244140625
2018-07-25,GOLD,1231.4000244140625
2018-07-26,GOLD,1225.300048828125
2018-07-27,GOLD,1222.5999755859375
2018-07-30,GOLD,1221.300048828125
2018-07-31,GOLD,1223.699951171875
2018-08-01,GOLD,1217.9000244140625
2018-08-02,GOLD,1210.5999755859375
2018-08-03,GOLD,1214.199951171875
2018-08-06,GOLD,1208.5999755859375
2018-08-07,GOLD,1209.5999755859375
2018-08-08,GOLD,1212.5999755859375
2018-08-09,GOLD,1211.9000244140625
2018-08-10,GOLD,1211.0999755859375
2018-08-13,GOLD,1191.300048828125
2018-08-14,GOLD,1193.0
2018-08-15,GOLD,1177.5
2018-08-16,GOLD,1176.199951171875
2018-08-17,GOLD,1176.5
2018-08-20,GOLD,1186.800048828125
2018-08-21,GOLD,1192.5999755859375
2018-08-22,GOLD,1196.300048828125
2018-08-23,GOLD,1187.0
2018-08-24,GOLD,1206.300048828125
2018-08-27,GOLD,1209.0
2018-08-28,GOLD,1207.4000244140625
2018-08-29,GOLD,1204.5
2018-08-30,GOLD,1197.699951171875
2018-08-31,GOLD,1200.300048828125
2018-09-04,GOLD,1192.699951171875
2018-09-05,GOLD,1194.9000244140625
2018-09-06,GOLD,1197.9000244140625
2018-09-07,GOLD,1193.5999755859375
2018-09-10,GOLD,1193.0
2018-09-11,GOLD,1195.4000244140625
2018-09-12,GOLD,1204.699951171875
2018-09-13,GOLD,1202.0
2018-09-14,GOLD,1195.0
2018-09-17,GOLD,1199.699951171875
2018-09-18,GOLD,1196.800048828125
2018-09-19,GOLD,1202.199951171875
2018-09-20,GOLD,1206.199951171875
2018-09-21,GOLD,1196.199951171875
2018-09-24,GOLD,1199.300048828125
2018-09-25,GOLD,1200.0
2018-09-26,GOLD,1194.0
2018-09-27,GOLD,1182.300048828125
2018-09-28,GOLD,1191.5
2018-10-01,GOLD,1187.0999755859375
2018-10-02,GOLD,1202.4000244140625
2018-10-03,GOLD,1198.300048828125
2018-10-04,GOLD,1197.199951171875
2018-10-05,GOLD,1201.199951171875
2018-10-08,GOLD,1184.4000244140625
2018-10-09,GOLD,1187.199951171875
2018-10-10,GOLD,1189.300048828125
2018-10-11,GOLD,1223.5
2018-10-12,GOLD,1218.0999755859375
2018-10-15,GOLD,1226.4000244140625
2018-10-16,GOLD,1227.300048828125
2018-10-17,GOLD,1223.699951171875
2018-10-18,GOLD,1226.5
2018-10-19,GOLD,1225.300048828125
2018-10-22,GOLD,1221.199951171875
2018-10-23,GOLD,1233.4000244140625
2018-10-24,GOLD,1227.800048828125
2018-10-25,GOLD,1229.0999755859375
2018-10-26,GOLD,1232.5
2018-10-29,GOLD,1224.5
2018-10-30,GOLD,1222.5999755859375
2018-10-31,GOLD,1212.300048828125
2018-11-01,GOLD,1236.0
2018-11-02,GOLD,1230.9000244140625
2018-11-05,GOLD,1229.800048828125
2018-11-06,GOLD,1223.800048828125
2018-11-07,GOLD,1226.199951171875
2018-11-08,GOLD,1222.9000244140625
2018-11-09,GOLD,1206.4000244140625
2018-11-12,GOLD,1201.300048828125
2018-11-13,GOLD,1199.199951171875
2018-11-14,GOLD,1207.9000244140625
2018-11-15,GOLD,1212.800048828125
2018-11-16,GOLD,1220.800048828125
2018-11-19,GOLD,1223.0999755859375
2018-11-20,GOLD,1219.0
2018-11-21,GOLD,1225.800048828125
2018-11-23,GOLD,1221.0
2018-11-26,GOLD,1220.199951171875
2018-11-27,GOLD,1211.199951171875
2018-11-28,GOLD,1221.4000244140625
2018-11-29,GOLD,1224.0999755859375
2018-11-30,GOLD,1220.199951171875
2018-12-03,GOLD,1233.9000244140625
2018-12-04,GOLD,1241.0999755859375
2018-12-06,GOLD,1238.0999755859375
2018-12-07,GOLD,1246.800048828125
2018-12-10,GOLD,1243.699951171875
2018-12-11,GOLD,1241.9000244140625
2018-12-12,GOLD,1244.4000244140625
2018-12-13,GOLD,1242.699951171875
2018-12-14,GOLD,1237.0
2018-12-17,GOLD,1247.4000244140625
2018-12-18,GOLD,1249.199951171875
2018-12-19,GOLD,1252.0999755859375
2018-12-20,GOLD,1263.5999755859375
2018-12-21,GOLD,1253.800048828125
2018-12-24,GOLD,1267.5
2018-12-26,GOLD,1269.199951171875
2018-12-27,GOLD,1277.300048828125
2018-12-28,GOLD,1279.9000244140625
2018-12-31,GOLD,1278.300048828125
2019-01-02,GOLD,1281.0
2019-01-03,GOLD,1291.800048828125
2019-01-04,GOLD,1282.699951171875
2019-01-07,GOLD,1286.800048828125
2019-01-08,GOLD,1283.199951171875
2019-01-09,GOLD,1289.300048828125
2019-01-10,GOLD,1284.699951171875
2019-01-11,GOLD,1287.0999755859375
2019-01-14,GOLD,1289.0999755859375
2019-01-15,GOLD,1286.199951171875
2019-01-16,GOLD,1291.5999755859375
2019-01-17,GOLD,1291.0
2019-01-18,GOLD,1281.300048828125
2019-01-22,GOLD,1282.5
2019-01-23,GOLD,1283.0999755859375
2019-01-24,GOLD,1279.0999755859375
2019-01-25,GOLD,1297.4000244140625
2019-01-28,GOLD,1302.4000244140625
2019-01-29,GOLD,1308.199951171875
2019-01-30,GOLD,1309.9000244140625
2019-01-31,GOLD,1319.699951171875
2019-02-01,GOLD,1316.9000244140625
2019-02-04,GOLD,1314.300048828125
2019-02-05,GOLD,1314.199951171875
2019-02-06,GOLD,1309.5
2019-02-07,GOLD,1309.4000244140625
2019-02-08,GOLD,1313.699951171875
2019-02-11,GOLD,1307.0
2019-02-12,GOLD,1309.199951171875
2019-02-13,GOLD,1310.800048828125
2019-02-14,GOLD,1309.800048828125
2019-02-15,GOLD,1318.0999755859375
2019-02-19,GOLD,1340.0999755859375
2019-02-20,GOLD,1343.300048828125
2019-02-21,GOLD,1323.5
2019-02-22,GOLD,1329.199951171875
2019-02-25,GOLD,1325.9000244140625
2019-02-26,GOLD,1325.0999755859375
2019-02-27,GOLD,1317.699951171875
2019-02-28,GOLD,1312.800048828125
2019-03-01,GOLD,1296.4000244140625
2019-03-04,GOLD,1284.800048828125
2019-03-05,GOLD,1282.0
2019-03-06,GOLD,1284.9000244140625
2019-03-07,GOLD,1283.800048828125
2019-03-08,GOLD,1297.0
2019-03-11,GOLD,1288.800048828125
2019-03-12,GOLD,1296.300048828125
2019-03-13,GOLD,1307.5
2019-03-14,GOLD,1293.4000244140625
2019-03-15,GOLD,1301.800048828125
2019-03-18,GOLD,1300.300048828125
2019-03-19,GOLD,1305.0
2019-03-20,GOLD,1300.5
2019-03-21,GOLD,1306.0999755859375
2019-03-22,GOLD,1311.5999755859375
2019-03-25,GOLD,1321.9000244140625
2019-03-26,GOLD,1314.300048828125
2019-03-27,GOLD,1309.9000244140625
2019-03-28,GOLD,1289.800048828125
2019-03-29,GOLD,1293.0
2019-04-01,GOLD,1288.4000244140625
2019-04-02,GOLD,1290.0
2019-04-03,GOLD,1289.9000244140625
2019-04-04,GOLD,1289.0
2019-04-05,GOLD,1290.4000244140625
2019-04-08,GOLD,1297.0999755859375
2019-04-09,GOLD,1303.5
2019-04-10,GOLD,1309.0999755859375
2019-04-11,GOLD,1288.5999755859375
2019-04-12,GOLD,1290.5999755859375
2019-04-15,GOLD,1286.800048828125
2019-04-16,GOLD,1272.5999755859375
2019-04-17,GOLD,1272.199951171875
2019-04-18,GOLD,1271.9000244140625
2019-04-22,GOLD,1273.5
2019-04-23,GOLD,1269.300048828125
2019-04-24,GOLD,1275.5
2019-04-25,GOLD,1275.800048828125
2019-04-26,GOLD,1284.9000244140625
2019-04-29,GOLD,1278.5999755859375
2019-04-30,GOLD,1282.800048828125
2019-05-01,GOLD,1281.4000244140625
2019-05-02,GOLD,1269.699951171875
2019-05-03,GOLD,1279.199951171875
2019-05-06,GOLD,1281.699951171875
2019-05-07,GOLD,1283.5
2019-05-08,GOLD,1279.4000244140625
2019-05-09,GOLD,1283.5
2019-05-10,GOLD,1285.699951171875
2019-05-13,GOLD,1300.0999755859375
2019-05-14,GOLD,1294.699951171875
2019-05-15,GOLD,1296.300048828125
2019-05-16,GOLD,1285.0
2019-05-17,GOLD,1274.5
2019-05-20,GOLD,1276.0999755859375
2019-05-21,GOLD,1272.0
2019-05-22,GOLD,1273.5999755859375
2019-05-23,GOLD,1284.800048828125
2019-05-24,GOLD,1283.0
2019-05-28,GOLD,1276.5
2019-05-29,GOLD,1280.5999755859375
2019-05-30,GOLD,1287.0999755859375
2019-05-31,GOLD,1305.800048828125
2019-06-03,GOLD,1322.699951171875
2019-06-04,GOLD,1323.4000244140625
2019-06-05,GOLD,1328.300048828125
2019-06-06,GOLD,1337.5999755859375
2019-06-07,GOLD,1341.199951171875
2019-06-10,GOLD,1324.699951171875
2019-06-11,GOLD,1326.4000244140625
2019-06-12,GOLD,1331.9000244140625
2019-06-13,GOLD,1339.199951171875
2019-06-14,GOLD,1340.0999755859375
2019-06-17,GOLD,1338.699951171875
2019-06-18,GOLD,1346.5999755859375
2019-06-19,GOLD,1344.5999755859375
2019-06-20,GOLD,1392.9000244140625
2019-06-21,GOLD,1396.199951171875
2019-06-24,GOLD,1414.300048828125
2019-06-25,GOLD,1414.9000244140625
2019-06-26,GOLD,1411.5999755859375
2019-06-27,GOLD,1408.4000244140625
2019-06-28,GOLD,1409.699951171875
2019-07-01,GOLD,1385.5999755859375
2019-07-02,GOLD,1404.5999755859375
2019-07-03,GOLD,1417.699951171875
2019-07-05,GOLD,1396.699951171875
2019-07-08,GOLD,1397.0
2019-07-09,GOLD,1397.5
2019-07-10,GOLD,1410.0999755859375
2019-07-11,GOLD,1404.300048828125
2019-07-12,GOLD,1409.9000244140625
2019-07-15,GOLD,1411.4000244140625
2019-07-16,GOLD,1409.199951171875
2019-07-17,GOLD,1421.300048828125
2019-07-18,GOLD,1426.0999755859375
2019-07-19,GOLD,1425.0999755859375
2019-07-22,GOLD,1425.300048828125
2019-07-23,GOLD,1420.0999755859375
2019-07-24,GOLD,1422.800048828125
2019-07-25,GOLD,1413.9000244140625
2019-07-26,GOLD,1418.5
2019-07-29,GOLD,1419.5999755859375
2019-07-30,GOLD,1429.699951171875
2019-07-31,GOLD,1426.0999755859375
2019-08-01,GOLD,1420.9000244140625
2019-08-02,GOLD,1445.5999755859375
2019-08-05,GOLD,1464.5999755859375
2019-08-06,GOLD,1472.4000244140625
2019-08-07,GOLD,1507.300048828125
2019-08-08,GOLD,1497.699951171875
2019-08-09,GOLD,1496.5999755859375
2019-08-12,GOLD,1505.300048828125
2019-08-13,GOLD,1502.199951171875
2019-08-14,GOLD,1515.9000244140625
2019-08-15,GOLD,1519.5999755859375
2019-08-16,GOLD,1512.5
2019-08-19,GOLD,1500.4000244140625
2019-08-20,GOLD,1504.5999755859375
2019-08-21,GOLD,1504.5999755859375
2019-08-22,GOLD,1497.300048828125
2019-08-23,GOLD,1526.5999755859375
2019-08-26,GOLD,1526.300048828125
2019-08-27,GOLD,1541.0
2019-08-28,GOLD,1537.800048828125
2019-08-29,GOLD,1526.5
2019-08-30,GOLD,1519.0999755859375
2019-09-03,GOLD,1545.9000244140625
2019-09-04,GOLD,1550.300048828125
2019-09-05,GOLD,1515.4000244140625
2019-09-06,GOLD,1506.199951171875
2019-09-09,GOLD,1502.199951171875
2019-09-10,GOLD,1490.300048828125
2019-09-11,GOLD,1494.4000244140625
2019-09-12,GOLD,1498.699951171875
2019-09-13,GOLD,1490.9000244140625
2019-09-16,GOLD,1503.0999755859375
2019-09-17,GOLD,1505.0999755859375
2019-09-18,GOLD,1507.5
2019-09-19,GOLD,1498.4000244140625
2019-09-20,GOLD,1507.300048828125
2019-09-23,GOLD,1523.699951171875
2019-09-24,GOLD,1532.0999755859375
2019-09-25,GOLD,1504.5999755859375
2019-09-26,GOLD,1507.5
2019-09-27,GOLD,1499.0999755859375
2019-09-30,GOLD,1465.699951171875
2019-10-01,GOLD,1482.0
2019-10-02,GOLD,1501.0
2019-10-03,GOLD,1507.0999755859375
2019-10-04,GOLD,1506.199951171875
2019-10-07,GOLD,1497.699951171875
2019-10-08,GOLD,1497.199951171875
2019-10-09,GOLD,1506.0999755859375
2019-10-10,GOLD,1494.800048828125
2019-10-11,GOLD,1482.699951171875
2019-10-14,GOLD,1491.699951171875
2019-10-15,GOLD,1477.5999755859375
2019-10-16,GOLD,1488.0
2019-10-17,GOLD,1492.300048828125
2019-10-18,GOLD,1488.199951171875
2019-10-21,GOLD,1482.4000244140625
2019-10-22,GOLD,1481.699951171875
2019-10-23,GOLD,1489.9000244140625
2019-10-24,GOLD,1498.9000244140625
2019-10-25,GOLD,1499.5
2019-10-28,GOLD,1490.0
2019-10-29,GOLD,1487.0
2019-10-30,GOLD,1493.199951171875
2019-10-31,GOLD,1511.4000244140625
2019-11-01,GOLD,1508.0
2019-11-04,GOLD,1508.0
2019-11-05,GOLD,1480.800048828125
2019-11-06,GOLD,1490.199951171875
2019-11-07,GOLD,1464.199951171875
2019-11-08,GOLD,1461.300048828125
2019-11-11,GOLD,1455.5
2019-11-12,GOLD,1452.0999755859375
2019-11-13,GOLD,1461.699951171875
2019-11-14,GOLD,1471.800048828125
2019-11-15,GOLD,1467.300048828125
2019-11-18,GOLD,1470.9000244140625
2019-11-19,GOLD,1473.300048828125
2019-11-20,GOLD,1473.300048828125
2019-11-21,GOLD,1463.0999755859375
2019-11-22,GOLD,1463.0999755859375
2019-11-25,GOLD,1456.5999755859375
2019-11-26,GOLD,1459.800048828125
2019-11-27,GOLD,1453.4000244140625
2019-11-29,GOLD,1465.5999755859375
2019-12-02,GOLD,1462.300048828125
2019-12-03,GOLD,1478.199951171875
2019-12-04,GOLD,1474.0
2019-12-05,GOLD,1476.9000244140625
2019-12-06,GOLD,1459.0999755859375
2019-12-09,GOLD,1459.300048828125
2019-12-10,GOLD,1462.5999755859375
2019-12-11,GOLD,1469.4000244140625
2019-12-12,GOLD,1466.699951171875
2019-12-13,GOLD,1475.5999755859375
2019-12-16,GOLD,1475.0
2019-12-17,GOLD,1474.5999755859375
2019-12-18,GOLD,1472.5999755859375
2019-12-19,GOLD,1478.199951171875
2019-12-20,GOLD,1474.699951171875
2019-12-23,GOLD,1482.5
2019-12-24,GOLD,1499.0999755859375
2019-12-26,GOLD,1509.300048828125
2019-12-27,GOLD,1513.800048828125
2019-12-30,GOLD,1514.5
2019-12-31,GOLD,1519.5
2020-01-02,GOLD,1524.5
2020-01-03,GOLD,1549.199951171875
2020-01-06,GOLD,1566.199951171875
2020-01-07,GOLD,1571.800048828125
2020-01-08,GOLD,1557.4000244140625
2020-01-09,GOLD,1551.699951171875
2020-01-10,GOLD,1557.5
2020-01-13,GOLD,1548.4000244140625
2020-01-14,GOLD,1542.4000244140625
2020-01-15,GOLD,1552.0999755859375
2020-01-16,GOLD,1549.0
2020-01-17,GOLD,1558.800048828125
2020-01-21,GOLD,1556.4000244140625
2020-01-22,GOLD,1555.300048828125
2020-01-23,GOLD,1564.5999755859375
2020-01-24,GOLD,1571.0999755859375
2020-01-27,GOLD,1576.800048828125
2020-01-28,GOLD,1569.199951171875
2020-01-29,GOLD,1569.800048828125
2020-01-30,GOLD,1583.5
2020-01-31,GOLD,1582.9000244140625
2020-02-03,GOLD,1577.199951171875
2020-02-04,GOLD,1550.4000244140625
2020-02-05,GOLD,1557.800048828125
2020-02-06,GOLD,1565.0999755859375
2020-02-07,GOLD,1568.5999755859375
2020-02-10,GOLD,1574.699951171875
2020-02-11,GOLD,1565.5999755859375
2020-02-12,GOLD,1567.4000244140625
2020-02-13,GOLD,1575.0999755859375
2020-02-14,GOLD,1582.699951171875
2020-02-18,GOLD,1600.0
2020-02-19,GOLD,1607.5
2020-02-20,GOLD,1616.5999755859375
2020-02-21,GOLD,1644.5999755859375
2020-02-24,GOLD,1672.4000244140625
2020-02-25,GOLD,1646.9000244140625
2020-02-26,GOLD,1640.0
2020-02-27,GOLD,1640.0
2020-02-28,GOLD,1564.0999755859375
2020-03-02,GOLD,1592.300048828125
2020-03-03,GOLD,1642.0999755859375
2020-03-04,GOLD,1641.0999755859375
2020-03-05,GOLD,1666.4000244140625
2020-03-06,GOLD,1670.800048828125
2020-03-09,GOLD,1674.5
2020-03-10,GOLD,1659.0999755859375
2020-03-11,GOLD,1641.4000244140625
2020-03-12,GOLD,1589.300048828125
2020-03-13,GOLD,1515.699951171875
2020-03-16,GOLD,1485.9000244140625
2020-03-17,GOLD,1524.9000244140625
2020-03-18,GOLD,1477.300048828125
2020-03-19,GOLD,1478.5999755859375
2020-03-20,GOLD,1484.0
2020-03-23,GOLD,1567.0
2020-03-24,GOLD,1660.199951171875
2020-03-25,GOLD,1632.300048828125
2020-03-26,GOLD,1650.0999755859375
2020-03-27,GOLD,1623.9000244140625
2020-03-30,GOLD,1622.0
2020-03-31,GOLD,1583.4000244140625
2020-04-01,GOLD,1578.199951171875
2020-04-02,GOLD,1625.699951171875
2020-04-03,GOLD,1633.699951171875
2020-04-06,GOLD,1677.0
2020-04-07,GOLD,1664.800048828125
2020-04-08,GOLD,1665.4000244140625
2020-04-09,GOLD,1736.199951171875
2020-04-13,GOLD,1744.800048828125
2020-04-14,GOLD,1756.699951171875
2020-04-15,GOLD,1727.199951171875
2020-04-16,GOLD,1720.4000244140625
2020-04-17,GOLD,1689.199951171875
2020-04-20,GOLD,1701.5999755859375
2020-04-21,GOLD,1678.199951171875
2020-04-22,GOLD,1728.699951171875
2020-04-23,GOLD,1733.300048828125
2020-04-24,GOLD,1723.5
2020-04-27,GOLD,1711.9000244140625
2020-04-28,GOLD,1710.5
2020-04-29,GOLD,1703.4000244140625
2020-04-30,GOLD,1684.199951171875
2020-05-01,GOLD,1694.5
2020-05-04,GOLD,1706.9000244140625
2020-05-05,GOLD,1704.4000244140625
2020-05-06,GOLD,1684.199951171875
2020-05-07,GOLD,1721.800048828125
2020-05-08,GOLD,1709.9000244140625
2020-05-11,GOLD,1695.300048828125
2020-05-12,GOLD,1704.4000244140625
2020-05-13,GOLD,1713.9000244140625
2020-05-14,GOLD,1738.0999755859375
2020-05-15,GOLD,1753.4000244140625
2020-05-18,GOLD,1731.800048828125
2020-05-19,GOLD,1744.199951171875
2020-05-20,GOLD,1750.5999755859375
2020-05-21,GOLD,1720.5
2020-05-22,GOLD,1734.5999755859375
2020-05-26,GOLD,1704.800048828125
2020-05-27,GOLD,1710.300048828125
2020-05-28,GOLD,1713.300048828125
2020-05-29,GOLD,1736.9000244140625
2020-06-01,GOLD,1737.800048828125
2020-06-02,GOLD,1725.199951171875
2020-06-03,GOLD,1697.800048828125
2020-06-04,GOLD,1718.9000244140625
2020-06-05,GOLD,1676.199951171875
2020-06-08,GOLD,1698.300048828125
2020-06-09,GOLD,1714.699951171875
2020-06-10,GOLD,1713.300048828125
2020-06-11,GOLD,1732.0
2020-06-12,GOLD,1729.300048828125
2020-06-15,GOLD,1720.300048828125
2020-06-16,GOLD,1729.5999755859375
2020-06-17,GOLD,1729.199951171875
2020-06-18,GOLD,1724.800048828125
2020-06-19,GOLD,1745.9000244140625
2020-06-22,GOLD,1756.699951171875
2020-06-23,GOLD,1772.0999755859375
2020-06-24,GOLD,1765.800048828125
2020-06-25,GOLD,1762.0999755859375
2020-06-26,GOLD,1772.5
2020-06-29,GOLD,1774.800048828125
2020-06-30,GOLD,1793.0
2020-07-01,GOLD,1773.199951171875
2020-07-02,GOLD,1784.0
2020-07-06,GOLD,1788.5
2020-07-07,GOLD,1804.199951171875
2020-07-08,GOLD,1815.5
2020-07-09,GOLD,1799.199951171875
2020-07-10,GOLD,1798.199951171875
2020-07-13,GOLD,1811.0
2020-07-14,GOLD,1810.5999755859375
2020-07-15,GOLD,1811.4000244140625
2020-07-16,GOLD,1798.699951171875
2020-07-17,GOLD,1808.300048828125
2020-07-20,GOLD,1815.9000244140625
2020-07-21,GOLD,1842.4000244140625
2020-07-22,GOLD,1864.0999755859375
2020-07-23,GOLD,1889.0999755859375
2020-07-24,GOLD,1897.300048828125
2020-07-27,GOLD,1931.0
2020-07-28,GOLD,1944.699951171875
2020-07-29,GOLD,1953.5
2020-07-30,GOLD,1942.300048828125
2020-07-31,GOLD,1962.800048828125
2020-08-03,GOLD,1966.0
2020-08-04,GOLD,2001.199951171875
2020-08-05,GOLD,2031.0999755859375
2020-08-06,GOLD,2051.5
2020-08-07,GOLD,2010.0999755859375
2020-08-10,GOLD,2024.4000244140625
2020-08-11,GOLD,1932.5999755859375
2020-08-12,GOLD,1934.9000244140625
2020-08-13,GOLD,1956.699951171875
2020-08-14,GOLD,1937.0
2020-08-17,GOLD,1985.0
2020-08-18,GOLD,1999.4000244140625
2020-08-19,GOLD,1958.699951171875
2020-08-20,GOLD,1933.800048828125
2020-08-21,GOLD,1934.5999755859375
2020-08-24,GOLD,1927.699951171875
2020-08-25,GOLD,1911.800048828125
2020-08-26,GOLD,1940.699951171875
2020-08-27,GOLD,1921.5999755859375
2020-08-28,GOLD,1964.5999755859375
2020-08-31,GOLD,1967.5999755859375
2020-09-01,GOLD,1968.199951171875
2020-09-02,GOLD,1934.4000244140625
2020-09-03,GOLD,1927.5999755859375
2020-09-04,GOLD,1923.9000244140625
2020-09-08,GOLD,1933.0
2020-09-09,GOLD,1944.699951171875
2020-09-10,GOLD,1954.199951171875
2020-09-11,GOLD,1937.800048828125
2020-09-14,GOLD,1953.0999755859375
2020-09-15,GOLD,1956.300048828125
2020-09-16,GOLD,1960.199951171875
2020-09-17,GOLD,1940.0
2020-09-18,GOLD,1952.0999755859375
2020-09-21,GOLD,1901.199951171875
2020-09-22,GOLD,1898.5999755859375
2020-09-23,GOLD,1859.9000244140625
2020-09-24,GOLD,1868.300048828125
2020-09-25,GOLD,1857.699951171875
2020-09-28,GOLD,1872.800048828125
2020-09-29,GOLD,1894.300048828125
2020-09-30,GOLD,1887.5
2020-10-01,GOLD,1908.4000244140625
2020-10-02,GOLD,1900.199951171875
2020-10-05,GOLD,1912.5
2020-10-06,GOLD,1901.0999755859375
2020-10-07,GOLD,1883.5999755859375
2020-10-08,GOLD,1888.5999755859375
2020-10-09,GOLD,1919.5
2020-10-12,GOLD,1922.5
2020-10-13,GOLD,1888.5
2020-10-14,GOLD,1901.300048828125
2020-10-15,GOLD,1903.199951171875
2020-10-16,GOLD,1900.800048828125
2020-10-19,GOLD,1906.4000244140625
2020-10-20,GOLD,1910.4000244140625
2020-10-21,GOLD,1924.5999755859375
2020-10-22,GOLD,1901.0999755859375
2020-10-23,GOLD,1902.0
2020-10-26,GOLD,1902.699951171875
2020-10-27,GOLD,1908.800048828125
2020-10-28,GOLD,1876.199951171875
2020-10-29,GOLD,1865.5999755859375
2020-10-30,GOLD,1877.4000244140625
2020-11-02,GOLD,1890.4000244140625
2020-11-03,GOLD,1908.5
2020-11-04,GOLD,1894.5999755859375
2020-11-05,GOLD,1945.300048828125
2020-11-06,GOLD,1950.300048828125
2020-11-09,GOLD,1853.199951171875
2020-11-10,GOLD,1875.4000244140625
2020-11-11,GOLD,1860.699951171875
2020-11-12,GOLD,1872.5999755859375
2020-11-13,GOLD,1885.699951171875
2020-11-16,GOLD,1887.300048828125
2020-11-17,GOLD,1884.5
2020-11-18,GOLD,1873.5
2020-11-19,GOLD,1861.0999755859375
2020-11-20,GOLD,1872.5999755859375
2020-11-23,GOLD,1837.800048828125
2020-11-24,GOLD,1804.800048828125
2020-11-25,GOLD,1805.699951171875
2020-11-27,GOLD,1781.9000244140625
2020-11-30,GOLD,1775.699951171875
2020-12-01,GOLD,1814.0999755859375
2020-12-02,GOLD,1825.699951171875
2020-12-03,GOLD,1836.800048828125
2020-12-04,GOLD,1835.9000244140625
2020-12-07,GOLD,1861.800048828125
2020-12-08,GOLD,1870.800048828125
2020-12-09,GOLD,1834.5999755859375
2020-12-10,GOLD,1833.5999755859375
2020-12-11,GOLD,1839.800048828125
2020-12-14,GOLD,1828.699951171875
2020-12-15,GOLD,1852.300048828125
2020-12-16,GOLD,1856.0999755859375
2020-12-17,GOLD,1887.199951171875
2020-12-18,GOLD,1885.699951171875
2020-12-21,GOLD,1879.199951171875
2020-12-22,GOLD,1866.5999755859375
2020-12-23,GOLD,1874.699951171875
2020-12-24,GOLD,1879.9000244140625
2020-12-28,GOLD,1877.199951171875
2020-12-29,GOLD,1879.699951171875
2020-12-30,GOLD,1891.0
2020-12-31,GOLD,1893.0999755859375
2021-01-04,GOLD,1944.699951171875
2021-01-05,GOLD,1952.699951171875
2021-01-06,GOLD,1906.9000244140625
2021-01-07,GOLD,1912.300048828125
2021-01-08,GOLD,1834.0999755859375
2021-01-11,GOLD,1849.5999755859375
2021-01-12,GOLD,1842.9000244140625
2021-01-13,GOLD,1853.5999755859375
2021-01-14,GOLD,1850.300048828125
2021-01-15,GOLD,1829.300048828125
2021-01-19,GOLD,1839.5
2021-01-20,GOLD,1865.9000244140625
2021-01-21,GOLD,1865.300048828125
2021-01-22,GOLD,1855.699951171875
2021-01-25,GOLD,1854.9000244140625
2021-01-26,GOLD,1850.699951171875
2021-01-27,GOLD,1844.9000244140625
2021-01-28,GOLD,1837.9000244140625
2021-01-29,GOLD,1847.300048828125
2021-02-01,GOLD,1860.800048828125
2021-02-02,GOLD,1830.5
2021-02-03,GOLD,1832.199951171875
2021-02-04,GOLD,1788.9000244140625
2021-02-05,GOLD,1810.9000244140625
2021-02-08,GOLD,1831.9000244140625
2021-02-09,GOLD,1835.300048828125
2021-02-10,GOLD,1840.5999755859375
2021-02-11,GOLD,1824.9000244140625
2021-02-12,GOLD,1821.5999755859375
2021-02-16,GOLD,1797.199951171875
2021-02-17,GOLD,1771.0999755859375
2021-02-18,GOLD,1773.4000244140625
2021-02-19,GOLD,1775.800048828125
2021-02-22,GOLD,1806.699951171875
2021-02-23,GOLD,1804.4000244140625
2021-02-24,GOLD,1796.4000244140625
2021-02-25,GOLD,1774.4000244140625
2021-02-26,GOLD,1728.0999755859375
2021-03-01,GOLD,1722.5
2021-03-02,GOLD,1733.0999755859375
2021-03-03,GOLD,1715.300048828125
2021-03-04,GOLD,1700.199951171875
2021-03-05,GOLD,1698.0
2021-03-08,GOLD,1677.699951171875
2021-03-09,GOLD,1716.5999755859375
2021-03-10,GOLD,1721.5
2021-03-11,GOLD,1722.300048828125
2021-03-12,GOLD,1719.5
2021-03-15,GOLD,1728.9000244140625
2021-03-16,GOLD,1730.5999755859375
2021-03-17,GOLD,1726.800048828125
2021-03-18,GOLD,1732.199951171875
2021-03-19,GOLD,1741.4000244140625
2021-03-22,GOLD,1737.800048828125
2021-03-23,GOLD,1724.699951171875
2021-03-24,GOLD,1732.9000244140625
2021-03-25,GOLD,1724.9000244140625
2021-03-26,GOLD,1732.199951171875
2021-03-29,GOLD,1712.0999755859375
2021-03-30,GOLD,1683.9000244140625
2021-03-31,GOLD,1713.800048828125
2021-04-01,GOLD,1726.5
2021-04-05,GOLD,1727.0
2021-04-06,GOLD,1741.5
2021-04-07,GOLD,1740.0999755859375
2021-04-08,GOLD,1756.800048828125
2021-04-09,GOLD,1743.300048828125
2021-04-12,GOLD,1731.199951171875
2021-04-13,GOLD,1746.199951171875
2021-04-14,GOLD,1734.9000244140625
2021-04-15,GOLD,1765.4000244140625
2021-04-16,GOLD,1779.0
2021-04-19,GOLD,1769.4000244140625
2021-04-20,GOLD,1777.300048828125
2021-04-21,GOLD,1792.300048828125
2021-04-22,GOLD,1781.199951171875
2021-04-23,GOLD,1777.0
2021-04-26,GOLD,1779.199951171875
2021-04-27,GOLD,1778.0
2021-04-28,GOLD,1773.199951171875
2021-04-29,GOLD,1768.0999755859375
2021-04-30,GOLD,1767.300048828125
2021-05-03,GOLD,1791.4000244140625
2021-05-04,GOLD,1775.800048828125
2021-05-05,GOLD,1784.0999755859375
2021-05-06,GOLD,1815.5
2021-05-07,GOLD,1831.0999755859375
2021-05-10,GOLD,1837.5
2021-05-11,GOLD,1835.9000244140625
2021-05-12,GOLD,1822.5999755859375
2021-05-13,GOLD,1823.800048828125
2021-05-14,GOLD,1837.9000244140625
2021-05-17,GOLD,1867.5
2021-05-18,GOLD,1867.800048828125
2021-05-19,GOLD,1881.300048828125
2021-05-20,GOLD,1881.800048828125
2021-05-21,GOLD,1876.699951171875
2021-05-24,GOLD,1884.5999755859375
2021-05-25,GOLD,1898.0999755859375
2021-05-26,GOLD,1901.300048828125
2021-05-27,GOLD,1895.699951171875
2021-05-28,GOLD,1902.5
2021-06-01,GOLD,1902.9000244140625
2021-06-02,GOLD,1907.5
2021-06-03,GOLD,1871.199951171875
2021-06-04,GOLD,1889.800048828125
2021-06-07,GOLD,1896.800048828125
2021-06-08,GOLD,1892.199951171875
2021-06-09,GOLD,1893.199951171875
2021-06-10,GOLD,1894.199951171875
2021-06-11,GOLD,1877.4000244140625
2021-06-14,GOLD,1864.0
2021-06-15,GOLD,1854.5
2021-06-16,GOLD,1859.5
2021-06-17,GOLD,1773.800048828125
2021-06-18,GOLD,1767.9000244140625
2021-06-21,GOLD,1781.800048828125
2021-06-22,GOLD,1776.300048828125
2021-06-23,GOLD,1782.300048828125
2021-06-24,GOLD,1775.5999755859375
2021-06-25,GOLD,1776.5999755859375
2021-06-28,GOLD,1779.5999755859375
2021-06-29,GOLD,1762.800048828125
2021-06-30,GOLD,1770.800048828125
2021-07-01,GOLD,1775.9000244140625
2021-07-02,GOLD,1782.5999755859375
2021-07-06,GOLD,1793.5
2021-07-07,GOLD,1801.5
2021-07-08,GOLD,1799.5999755859375
2021-07-09,GOLD,1810.0
2021-07-12,GOLD,1805.5
2021-07-13,GOLD,1809.4000244140625
2021-07-14,GOLD,1824.300048828125
2021-07-15,GOLD,1828.4000244140625
2021-07-16,GOLD,1814.5
2021-07-19,GOLD,1808.699951171875
2021-07-20,GOLD,1810.9000244140625
2021-07-21,GOLD,1802.9000244140625
2021-07-22,GOLD,1805.0
2021-07-23,GOLD,1801.4000244140625
2021-07-26,GOLD,1798.699951171875
2021-07-27,GOLD,1799.5
2021-07-28,GOLD,1799.5
2021-07-29,GOLD,1831.199951171875
2021-07-30,GOLD,1812.5999755859375
2021-08-02,GOLD,1818.0999755859375
2021-08-03,GOLD,1810.0999755859375
2021-08-04,GOLD,1810.5
2021-08-05,GOLD,1805.0999755859375
2021-08-06,GOLD,1760.0
2021-08-09,GOLD,1723.4000244140625
2021-08-10,GOLD,1728.800048828125
2021-08-11,GOLD,1750.4000244140625
2021-08-12,GOLD,1749.0
2021-08-13,GOLD,1775.199951171875
2021-08-16,GOLD,1786.9000244140625
2021-08-17,GOLD,1785.0
2021-08-18,GOLD,1781.5999755859375
2021-08-19,GOLD,1780.199951171875
2021-08-20,GOLD,1781.0
2021-08-23,GOLD,1803.199951171875
2021-08-24,GOLD,1805.5999755859375
2021-08-25,GOLD,1788.199951171875
2021-08-26,GOLD,1792.199951171875
2021-08-27,GOLD,1816.5999755859375
2021-08-30,GOLD,1809.0
2021-08-31,GOLD,1815.0
2021-09-01,GOLD,1813.0999755859375
2021-09-02,GOLD,1808.699951171875
2021-09-03,GOLD,1830.9000244140625
2021-09-07,GOLD,1795.9000244140625
2021-09-08,GOLD,1790.699951171875
2021-09-09,GOLD,1797.4000244140625
2021-09-10,GOLD,1789.5999755859375
2021-09-13,GOLD,1792.0
2021-09-14,GOLD,1804.699951171875
2021-09-15,GOLD,1792.4000244140625
2021-09-16,GOLD,1754.5999755859375
2021-09-17,GOLD,1749.4000244140625
2021-09-20,GOLD,1761.800048828125
2021-09-21,GOLD,1776.0
2021-09-22,GOLD,1776.699951171875
2021-09-23,GOLD,1747.699951171875
2021-09-24,GOLD,1749.699951171875
2021-09-27,GOLD,1750.0
2021-09-28,GOLD,1735.800048828125
2021-09-29,GOLD,1721.5
2021-09-30,GOLD,1755.300048828125
2021-10-01,GOLD,1757.0
2021-10-04,GOLD,1766.199951171875
2021-10-05,GOLD,1759.5999755859375
2021-10-06,GOLD,1760.5
2021-10-07,GOLD,1757.9000244140625
2021-10-08,GOLD,1756.300048828125
2021-10-11,GOLD,1754.5999755859375
2021-10-12,GOLD,1758.300048828125
2021-10-13,GOLD,1793.699951171875
2021-10-14,GOLD,1796.699951171875
2021-10-15,GOLD,1767.199951171875
2021-10-18,GOLD,1764.800048828125
2021-10-19,GOLD,1769.699951171875
2021-10-20,GOLD,1784.0999755859375
2021-10-21,GOLD,1781.199951171875
2021-10-22,GOLD,1795.5
2021-10-25,GOLD,1806.0
2021-10-26,GOLD,1792.699951171875
2021-10-27,GOLD,1797.9000244140625
2021-10-28,GOLD,1801.5999755859375
2021-10-29,GOLD,1783.0
2021-11-01,GOLD,1795.0999755859375
2021-11-02,GOLD,1788.699951171875
2021-11-03,GOLD,1763.5999755859375
2021-11-04,GOLD,1793.0
2021-11-05,GOLD,1816.4000244140625
2021-11-08,GOLD,1827.4000244140625
2021-11-09,GOLD,1830.199951171875
2021-11-10,GOLD,1847.5999755859375
2021-11-11,GOLD,1863.199951171875
2021-11-12,GOLD,1867.9000244140625
2021-11-15,GOLD,1866.0999755859375
2021-11-16,GOLD,1853.5999755859375
2021-11-17,GOLD,1869.699951171875
2021-11-18,GOLD,1861.0
2021-11-19,GOLD,1851.199951171875
2021-11-22,GOLD,1806.0
2021-11-23,GOLD,1783.5
2021-11-24,GOLD,1784.0999755859375
2021-11-26,GOLD,1785.300048828125
2021-11-29,GOLD,1782.300048828125
2021-11-30,GOLD,1773.5999755859375
2021-12-01,GOLD,1781.5999755859375
2021-12-02,GOLD,1760.699951171875
2021-12-03,GOLD,1782.0
2021-12-06,GOLD,1777.5
2021-12-07,GOLD,1782.5999755859375
2021-12-08,GOLD,1783.4000244140625
2021-12-09,GOLD,1774.5999755859375
2021-12-10,GOLD,1782.9000244140625
2021-12-13,GOLD,1786.300048828125
2021-12-14,GOLD,1770.4000244140625
2021-12-15,GOLD,1762.5999755859375
2021-12-16,GOLD,1796.5999755859375
2021-12-17,GOLD,1803.800048828125
2021-12-20,GOLD,1793.699951171875
2021-12-21,GOLD,1787.9000244140625
2021-12-22,GOLD,1801.5999755859375
2021-12-23,GOLD,1811.199951171875
2021-12-27,GOLD,1808.0999755859375
2021-12-28,GOLD,1810.199951171875
2021-12-29,GOLD,1805.0999755859375
2021-12-30,GOLD,1812.699951171875
2021-12-31,GOLD,1827.5
2022-01-03,GOLD,1799.4000244140625
2022-01-04,GOLD,1814.0
2022-01-05,GOLD,1824.5999755859375
2022-01-06,GOLD,1788.699951171875
2022-01-07,GOLD,1797.0
2022-01-10,GOLD,1798.4000244140625
2022-01-11,GOLD,1818.5999755859375
2022-01-12,GOLD,1827.199951171875
2022-01-13,GOLD,1821.199951171875
2022-01-14,GOLD,1816.5
2022-01-18,GOLD,1812.300048828125
2022-01-19,GOLD,1843.0999755859375
2022-01-20,GOLD,1842.5
2022-01-21,GOLD,1831.800048828125
2022-01-24,GOLD,1841.699951171875
2022-01-25,GOLD,1852.699951171875
2022-01-26,GOLD,1829.9000244140625
2022-01-27,GOLD,1793.300048828125
2022-01-28,GOLD,1784.9000244140625
2022-01-31,GOLD,1795.0
2022-02-01,GOLD,1800.300048828125
2022-02-02,GOLD,1809.199951171875
2022-02-03,GOLD,1803.0
2022-02-04,GOLD,1806.5999755859375
2022-02-07,GOLD,1820.5999755859375
2022-02-08,GOLD,1826.5999755859375
2022-02-09,GOLD,1835.199951171875
2022-02-10,GOLD,1836.199951171875
2022-02-11,GOLD,1840.800048828125
2022-02-14,GOLD,1868.0
2022-02-15,GOLD,1854.800048828125
2022-02-16,GOLD,1870.199951171875
2022-02-17,GOLD,1900.699951171875
2022-02-18,GOLD,1898.5999755859375
2022-02-22,GOLD,1906.0999755859375
2022-02-23,GOLD,1909.199951171875
2022-02-24,GOLD,1925.0999755859375
2022-02-25,GOLD,1886.5
2022-02-28,GOLD,1899.4000244140625
2022-03-01,GOLD,1942.4000244140625
2022-03-02,GOLD,1920.9000244140625
2022-03-03,GOLD,1934.4000244140625
2022-03-04,GOLD,1965.0999755859375
2022-03-07,GOLD,1993.9000244140625
2022-03-08,GOLD,2040.0999755859375
2022-03-09,GOLD,1985.9000244140625
2022-03-10,GOLD,1998.0999755859375
2022-03-11,GOLD,1982.699951171875
2022-03-14,GOLD,1959.5999755859375
2022-03-15,GOLD,1928.5
2022-03-16,GOLD,1908.0
2022-03-17,GOLD,1942.0999755859375
2022-03-18,GOLD,1928.199951171875
2022-03-21,GOLD,1928.5999755859375
2022-03-22,GOLD,1920.699951171875
2022-03-23,GOLD,1936.5999755859375
2022-03-24,GOLD,1961.5999755859375
2022-03-25,GOLD,1953.800048828125
2022-03-28,GOLD,1939.5999755859375
2022-03-29,GOLD,1912.0
2022-03-30,GOLD,1933.5
2022-03-31,GOLD,1949.199951171875
2022-04-01,GOLD,1919.0999755859375
2022-04-04,GOLD,1929.199951171875
2022-04-05,GOLD,1922.9000244140625
2022-04-06,GOLD,1918.4000244140625
2022-04-07,GOLD,1933.800048828125
2022-04-08,GOLD,1941.5999755859375
2022-04-11,GOLD,1944.300048828125
2022-04-12,GOLD,1972.0999755859375
2022-04-13,GOLD,1981.0
2022-04-14,GOLD,1970.9000244140625
2022-04-18,GOLD,1982.9000244140625
2022-04-19,GOLD,1955.699951171875
2022-04-20,GOLD,1952.300048828125
2022-04-21,GOLD,1944.9000244140625
2022-04-22,GOLD,1931.0
2022-04-25,GOLD,1893.199951171875
2022-04-26,GOLD,1901.4000244140625
2022-04-27,GOLD,1885.9000244140625
2022-04-28,GOLD,1888.699951171875
2022-04-29,GOLD,1909.300048828125
2022-05-02,GOLD,1861.800048828125
2022-05-03,GOLD,1868.800048828125
2022-05-04,GOLD,1867.0
2022-05-05,GOLD,1874.0
2022-05-06,GOLD,1881.199951171875
2022-05-09,GOLD,1857.0999755859375
2022-05-10,GOLD,1839.9000244140625
2022-05-11,GOLD,1852.5999755859375
2022-05-12,GOLD,1823.800048828125
2022-05-13,GOLD,1807.4000244140625
2022-05-16,GOLD,1813.5
2022-05-17,GOLD,1818.199951171875
2022-05-18,GOLD,1815.9000244140625
2022-05-19,GOLD,1841.199951171875
2022-05-20,GOLD,1841.800048828125
2022-05-23,GOLD,1847.800048828125
2022-05-24,GOLD,1865.0999755859375
2022-05-25,GOLD,1846.199951171875
2022-05-26,GOLD,1847.4000244140625
2022-05-27,GOLD,1851.300048828125
2022-05-31,GOLD,1842.699951171875
2022-06-01,GOLD,1843.300048828125
2022-06-02,GOLD,1866.5
2022-06-03,GOLD,1845.4000244140625
2022-06-06,GOLD,1839.199951171875
2022-06-07,GOLD,1847.5
2022-06-08,GOLD,1851.9000244140625
2022-06-09,GOLD,1848.800048828125
2022-06-10,GOLD,1871.5
2022-06-13,GOLD,1828.0
2022-06-14,GOLD,1809.5
2022-06-15,GOLD,1815.300048828125
2022-06-16,GOLD,1845.699951171875
2022-06-17,GOLD,1835.5999755859375
2022-06-21,GOLD,1834.5999755859375
2022-06-22,GOLD,1834.300048828125
2022-06-23,GOLD,1825.699951171875
2022-06-24,GOLD,1826.5
2022-06-27,GOLD,1820.9000244140625
2022-06-28,GOLD,1817.5
2022-06-29,GOLD,1813.699951171875
2022-06-30,GOLD,1804.0999755859375
2022-07-01,GOLD,1798.9000244140625
2022-07-05,GOLD,1761.800048828125
2022-07-06,GOLD,1734.9000244140625
2022-07-07,GOLD,1737.9000244140625
2022-07-08,GOLD,1740.5999755859375
2022-07-11,GOLD,1730.0
2022-07-12,GOLD,1723.300048828125
2022-07-13,GOLD,1734.199951171875
2022-07-14,GOLD,1704.5
2022-07-15,GOLD,1702.4000244140625
2022-07-18,GOLD,1709.199951171875
2022-07-19,GOLD,1710.0
2022-07-20,GOLD,1699.5
2022-07-21,GOLD,1712.699951171875
2022-07-22,GOLD,1727.0999755859375
2022-07-25,GOLD,1719.0
2022-07-26,GOLD,1717.699951171875
2022-07-27,GOLD,1719.0999755859375
2022-07-28,GOLD,1750.300048828125
2022-07-29,GOLD,1762.9000244140625
2022-08-01,GOLD,1769.0
2022-08-02,GOLD,1771.0999755859375
2022-08-03,GOLD,1758.0
2022-08-04,GOLD,1788.5
2022-08-05,GOLD,1772.9000244140625
2022-08-08,GOLD,1786.800048828125
2022-08-09,GOLD,1794.0
2022-08-10,GOLD,1795.5999755859375
2022-08-11,GOLD,1789.699951171875
2022-08-12,GOLD,1798.5999755859375
2022-08-15,GOLD,1781.4000244140625
2022-08-16,GOLD,1773.199951171875
2022-08-17,GOLD,1760.300048828125
2022-08-18,GOLD,1755.300048828125
2022-08-19,GOLD,1747.5999755859375
2022-08-22,GOLD,1734.0
2022-08-23,GOLD,1746.800048828125
2022-08-24,GOLD,1747.800048828125
2022-08-25,GOLD,1757.699951171875
2022-08-26,GOLD,1736.0999755859375
2022-08-29,GOLD,1736.5999755859375
2022-08-30,GOLD,1723.199951171875
2022-08-31,GOLD,1712.800048828125
2022-09-01,GOLD,1696.5999755859375
2022-09-02,GOLD,1709.800048828125
2022-09-06,GOLD,1700.4000244140625
2022-09-07,GOLD,1715.300048828125
2022-09-08,GOLD,1708.0
2022-09-09,GOLD,1716.199951171875
2022-09-12,GOLD,1728.0999755859375
2022-09-13,GOLD,1705.0
2022-09-14,GOLD,1696.5
2022-09-15,GOLD,1665.4000244140625
2022-09-16,GOLD,1671.699951171875
2022-09-19,GOLD,1666.199951171875
2022-09-20,GOLD,1659.699951171875
2022-09-21,GOLD,1664.5999755859375
2022-09-22,GOLD,1670.800048828125
2022-09-23,GOLD,1645.300048828125
2022-09-26,GOLD,1623.300048828125
2022-09-27,GOLD,1626.699951171875
2022-09-28,GOLD,1660.4000244140625
2022-09-29,GOLD,1658.5
2022-09-30,GOLD,1662.4000244140625
2022-10-03,GOLD,1692.9000244140625
2022-10-04,GOLD,1721.0999755859375
2022-10-05,GOLD,1711.4000244140625
2022-10-06,GOLD,1711.699951171875
2022-10-07,GOLD,1700.5
2022-10-10,GOLD,1667.300048828125
2022-10-11,GOLD,1678.699951171875
2022-10-12,GOLD,1670.300048828125
2022-10-13,GOLD,1670.0
2022-10-14,GOLD,1641.699951171875
2022-10-17,GOLD,1657.0
2022-10-18,GOLD,1649.0
2022-10-19,GOLD,1627.5
2022-10-20,GOLD,1630.800048828125
2022-10-21,GOLD,1651.0
2022-10-24,GOLD,1648.699951171875
2022-10-25,GOLD,1652.800048828125
2022-10-26,GOLD,1664.0
2022-10-27,GOLD,1660.699951171875
2022-10-28,GOLD,1639.5999755859375
2022-10-31,GOLD,1635.9000244140625
2022-11-01,GOLD,1645.0
2022-11-02,GOLD,1645.699951171875
2022-11-03,GOLD,1627.300048828125
2022-11-04,GOLD,1672.5
2022-11-07,GOLD,1676.5
2022-11-08,GOLD,1712.0999755859375
2022-11-09,GOLD,1710.0999755859375
2022-11-10,GOLD,1750.300048828125
2022-11-11,GOLD,1766.0
2022-11-14,GOLD,1773.5999755859375
2022-11-15,GOLD,1773.800048828125
2022-11-16,GOLD,1773.0
2022-11-17,GOLD,1760.800048828125
2022-11-18,GOLD,1751.9000244140625
2022-11-21,GOLD,1737.4000244140625
2022-11-22,GOLD,1738.300048828125
2022-11-23,GOLD,1744.9000244140625
2022-11-25,GOLD,1753.300048828125
2022-11-28,GOLD,1740.0999755859375
2022-11-29,GOLD,1748.4000244140625
2022-11-30,GOLD,1746.0
2022-12-01,GOLD,1801.0999755859375
2022-12-02,GOLD,1795.9000244140625
2022-12-05,GOLD,1767.4000244140625
2022-12-06,GOLD,1769.300048828125
2022-12-07,GOLD,1785.5
2022-12-08,GOLD,1788.699951171875
2022-12-09,GOLD,1798.0999755859375
2022-12-12,GOLD,1780.5
2022-12-13,GOLD,1813.9000244140625
2022-12-14,GOLD,1807.5
2022-12-15,GOLD,1777.199951171875
2022-12-16,GOLD,1790.0
2022-12-19,GOLD,1787.699951171875
2022-12-20,GOLD,1815.9000244140625
2022-12-21,GOLD,1815.9000244140625
2022-12-22,GOLD,1787.0
2022-12-23,GOLD,1795.9000244140625
2022-12-27,GOLD,1814.800048828125
2022-12-28,GOLD,1807.9000244140625
2022-12-29,GOLD,1819.5
2022-12-30,GOLD,1819.699951171875
2023-01-03,GOLD,1839.699951171875
2023-01-04,GOLD,1852.800048828125
2023-01-05,GOLD,1834.800048828125
2023-01-06,GOLD,1864.199951171875
2023-01-09,GOLD,1872.699951171875
2023-01-10,GOLD,1871.5999755859375
2023-01-11,GOLD,1874.5999755859375
2023-01-12,GOLD,1895.5
2023-01-13,GOLD,1918.4000244140625
2023-01-17,GOLD,1907.199951171875
2023-01-18,GOLD,1904.4000244140625
2023-01-19,GOLD,1922.0999755859375
2023-01-20,GOLD,1926.4000244140625
2023-01-23,GOLD,1927.0999755859375
2023-01-24,GOLD,1933.9000244140625
2023-01-25,GOLD,1941.199951171875
2023-01-26,GOLD,1929.0999755859375
2023-01-27,GOLD,1928.5999755859375
2023-01-30,GOLD,1922.9000244140625
2023-01-31,GOLD,1929.5
2023-02-01,GOLD,1927.800048828125
2023-02-02,GOLD,1916.300048828125
2023-02-03,GOLD,1862.9000244140625
2023-02-06,GOLD,1866.199951171875
2023-02-07,GOLD,1871.699951171875
2023-02-08,GOLD,1877.4000244140625
2023-02-09,GOLD,1866.199951171875
2023-02-10,GOLD,1862.800048828125
2023-02-13,GOLD,1851.9000244140625
2023-02-14,GOLD,1854.0
2023-02-15,GOLD,1834.199951171875
2023-02-16,GOLD,1842.0
2023-02-17,GOLD,1840.4000244140625
2023-02-21,GOLD,1833.0
2023-02-22,GOLD,1832.0
2023-02-23,GOLD,1818.0
2023-02-24,GOLD,1808.800048828125
2023-02-27,GOLD,1817.0
2023-02-28,GOLD,1828.9000244140625
2023-03-01,GOLD,1837.699951171875
2023-03-02,GOLD,1833.5
2023-03-03,GOLD,1847.699951171875
2023-03-06,GOLD,1847.9000244140625
2023-03-07,GOLD,1813.9000244140625
2023-03-08,GOLD,1812.699951171875
2023-03-09,GOLD,1829.300048828125
2023-03-10,GOLD,1862.0
2023-03-13,GOLD,1911.699951171875
2023-03-14,GOLD,1906.199951171875
2023-03-15,GOLD,1926.5999755859375
2023-03-16,GOLD,1919.0
2023-03-17,GOLD,1969.800048828125
2023-03-20,GOLD,1979.199951171875
2023-03-21,GOLD,1938.0
2023-03-22,GOLD,1946.800048828125
2023-03-23,GOLD,1993.800048828125
2023-03-24,GOLD,1982.0999755859375
2023-03-27,GOLD,1952.4000244140625
2023-03-28,GOLD,1972.4000244140625
2023-03-29,GOLD,1966.0999755859375
2023-03-30,GOLD,1980.300048828125
2023-03-31,GOLD,1969.0
2023-04-03,GOLD,1983.9000244140625
2023-04-04,GOLD,2022.199951171875
2023-04-05,GOLD,2020.9000244140625
2023-04-06,GOLD,2011.9000244140625
2023-04-10,GOLD,1989.0999755859375
2023-04-11,GOLD,2004.800048828125
2023-04-12,GOLD,2010.9000244140625
2023-04-13,GOLD,2041.300048828125
2023-04-14,GOLD,2002.199951171875
2023-04-17,GOLD,1994.199951171875
2023-04-18,GOLD,2007.4000244140625
2023-04-19,GOLD,1995.199951171875
2023-04-20,GOLD,2007.5999755859375
2023-04-21,GOLD,1979.5
2023-04-24,GOLD,1989.0999755859375
2023-04-25,GOLD,1994.0
2023-04-26,GOLD,1985.699951171875
2023-04-27,GOLD,1989.9000244140625
2023-04-28,GOLD,1990.0999755859375
2023-05-01,GOLD,1983.4000244140625
2023-05-02,GOLD,2014.300048828125
2023-05-03,GOLD,2028.5999755859375
2023-05-04,GOLD,2048.0
2023-05-05,GOLD,2017.4000244140625
2023-05-08,GOLD,2026.300048828125
2023-05-09,GOLD,2036.199951171875
2023-05-10,GOLD,2030.5
2023-05-11,GOLD,2014.699951171875
2023-05-12,GOLD,2014.5
2023-05-15,GOLD,2018.0
2023-05-16,GOLD,1988.4000244140625
2023-05-17,GOLD,1980.699951171875
2023-05-18,GOLD,1956.5
2023-05-19,GOLD,1978.699951171875
2023-05-22,GOLD,1974.800048828125
2023-05-23,GOLD,1972.4000244140625
2023-05-24,GOLD,1962.800048828125
2023-05-25,GOLD,1943.0999755859375
2023-05-26,GOLD,1944.0999755859375
2023-05-30,GOLD,1958.0
2023-05-31,GOLD,1963.9000244140625
2023-06-01,GOLD,1978.0
2023-06-02,GOLD,1952.4000244140625
2023-06-05,GOLD,1958.0
2023-06-06,GOLD,1965.5
2023-06-07,GOLD,1942.699951171875
2023-06-08,GOLD,1963.5999755859375
2023-06-09,GOLD,1962.199951171875
2023-06-12,GOLD,1955.300048828125
2023-06-13,GOLD,1944.5999755859375
2023-06-14,GOLD,1955.300048828125
2023-06-15,GOLD,1957.800048828125
2023-06-16,GOLD,1958.4000244140625
2023-06-20,GOLD,1935.5
2023-06-21,GOLD,1933.300048828125
2023-06-22,GOLD,1912.699951171875
2023-06-23,GOLD,1919.0999755859375
2023-06-26,GOLD,1923.699951171875
2023-06-27,GOLD,1914.0
2023-06-28,GOLD,1912.300048828125
2023-06-29,GOLD,1909.199951171875
2023-06-30,GOLD,1921.0999755859375
2023-07-03,GOLD,1921.699951171875
2023-07-05,GOLD,1919.5999755859375
2023-07-06,GOLD,1908.699951171875
2023-07-07,GOLD,1926.199951171875
2023-07-10,GOLD,1925.0
2023-07-11,GOLD,1931.300048828125
2023-07-12,GOLD,1956.199951171875
2023-07-13,GOLD,1959.199951171875
2023-07-14,GOLD,1960.0999755859375
2023-07-17,GOLD,1952.4000244140625
2023-07-18,GOLD,1977.199951171875
2023-07-19,GOLD,1977.5
2023-07-20,GOLD,1968.300048828125
2023-07-21,GOLD,1964.300048828125
2023-07-24,GOLD,1960.300048828125
2023-07-25,GOLD,1962.0999755859375
2023-07-26,GOLD,1968.9000244140625
2023-07-27,GOLD,1945.4000244140625
2023-07-28,GOLD,1960.4000244140625
2023-07-31,GOLD,1970.5
2023-08-01,GOLD,1940.699951171875
2023-08-02,GOLD,1937.4000244140625
2023-08-03,GOLD,1932.0
2023-08-04,GOLD,1939.5999755859375
2023-08-07,GOLD,1933.5
2023-08-08,GOLD,1924.0999755859375
2023-08-09,GOLD,1915.4000244140625
2023-08-10,GOLD,1914.4000244140625
2023-08-11,GOLD,1912.9000244140625
2023-08-14,GOLD,1910.5999755859375
2023-08-15,GOLD,1902.5
2023-08-16,GOLD,1896.0999755859375
2023-08-17,GOLD,1884.0999755859375
2023-08-18,GOLD,1886.0999755859375
2023-08-21,GOLD,1893.300048828125
2023-08-22,GOLD,1896.4000244140625
2023-08-23,GOLD,1918.5
2023-08-24,GOLD,1918.199951171875
2023-08-25,GOLD,1911.0999755859375
2023-08-28,GOLD,1917.9000244140625
2023-08-29,GOLD,1936.5
2023-08-30,GOLD,1944.300048828125
2023-08-31,GOLD,1938.199951171875
2023-09-01,GOLD,1939.800048828125
2023-09-05,GOLD,1926.199951171875
2023-09-06,GOLD,1918.0999755859375
2023-09-07,GOLD,1917.5
2023-09-08,GOLD,1918.4000244140625
2023-09-11,GOLD,1923.300048828125
2023-09-12,GOLD,1911.300048828125
2023-09-13,GOLD,1909.0999755859375
2023-09-14,GOLD,1910.0
2023-09-15,GOLD,1923.699951171875
2023-09-18,GOLD,1931.5
2023-09-19,GOLD,1932.0
2023-09-20,GOLD,1945.5999755859375
2023-09-21,GOLD,1919.199951171875
2023-09-22,GOLD,1925.4000244140625
2023-09-25,GOLD,1916.5999755859375
2023-09-26,GOLD,1900.4000244140625
2023-09-27,GOLD,1871.5999755859375
2023-09-28,GOLD,1860.4000244140625
2023-09-29,GOLD,1848.0999755859375
2023-10-02,GOLD,1830.0
2023-10-03,GOLD,1824.5999755859375
2023-10-04,GOLD,1818.5
2023-10-05,GOLD,1816.5999755859375
2023-10-06,GOLD,1830.199951171875
2023-10-09,GOLD,1849.5
2023-10-10,GOLD,1861.0
2023-10-11,GOLD,1872.800048828125
2023-10-12,GOLD,1869.300048828125
2023-10-13,GOLD,1927.4000244140625
2023-10-16,GOLD,1921.0999755859375
2023-10-17,GOLD,1922.699951171875
2023-10-18,GOLD,1955.300048828125
2023-10-19,GOLD,1968.4000244140625
2023-10-20,GOLD,1982.5
2023-10-23,GOLD,1976.300048828125
2023-10-24,GOLD,1975.0
2023-10-25,GOLD,1984.0999755859375
2023-10-26,GOLD,1987.199951171875
2023-10-27,GOLD,1988.5999755859375
2023-10-30,GOLD,1996.199951171875
2023-10-31,GOLD,1985.199951171875
2023-11-01,GOLD,1978.800048828125
2023-11-02,GOLD,1985.5999755859375
2023-11-03,GOLD,1991.5
2023-11-06,GOLD,1981.5999755859375
2023-11-07,GOLD,1966.800048828125
2023-11-08,GOLD,1951.5
2023-11-09,GOLD,1964.199951171875
2023-11-10,GOLD,1932.5999755859375
2023-11-13,GOLD,1945.5
2023-11-14,GOLD,1961.800048828125
2023-11-15,GOLD,1960.0999755859375
2023-11-16,GOLD,1983.9000244140625
2023-11-17,GOLD,1981.5999755859375
2023-11-20,GOLD,1977.699951171875
2023-11-21,GOLD,1999.300048828125
2023-11-22,GOLD,1991.4000244140625
2023-11-24,GOLD,2002.199951171875
2023-11-27,GOLD,2011.800048828125
2023-11-28,GOLD,2039.699951171875
2023-11-29,GOLD,2047.0999755859375
2023-11-30,GOLD,2038.0999755859375
2023-12-01,GOLD,2071.0
2023-12-04,GOLD,2024.0999755859375
2023-12-05,GOLD,2018.5
2023-12-06,GOLD,2030.5
2023-12-07,GOLD,2029.9000244140625
2023-12-08,GOLD,1998.300048828125
2023-12-11,GOLD,1978.0
2023-12-12,GOLD,1977.800048828125
2023-12-13,GOLD,1982.300048828125
2023-12-14,GOLD,2030.199951171875
2023-12-15,GOLD,2021.0999755859375
2023-12-18,GOLD,2026.300048828125
2023-12-19,GOLD,2038.4000244140625
2023-12-20,GOLD,2034.5
2023-12-21,GOLD,2039.0999755859375
2023-12-22,GOLD,2057.10009765625
2023-12-26,GOLD,2058.199951171875
2023-12-27,GOLD,2081.89990234375
2023-12-28,GOLD,2073.89990234375
2023-12-29,GOLD,2062.39990234375
2024-01-02,GOLD,2064.39990234375
2024-01-03,GOLD,2034.199951171875
2024-01-04,GOLD,2042.300048828125
2024-01-05,GOLD,2042.4000244140625
2024-01-08,GOLD,2026.5999755859375
2024-01-09,GOLD,2026.4000244140625
2024-01-10,GOLD,2021.699951171875
2024-01-11,GOLD,2014.300048828125
2024-01-12,GOLD,2046.699951171875
2024-01-16,GOLD,2026.0
2024-01-17,GOLD,2002.5999755859375
2024-01-18,GOLD,2018.5999755859375
2024-01-19,GOLD,2026.5
2024-01-22,GOLD,2019.800048828125
2024-01-23,GOLD,2023.699951171875
2024-01-24,GOLD,2013.9000244140625
2024-01-25,GOLD,2016.9000244140625
2024-01-26,GOLD,2016.800048828125
2024-01-29,GOLD,2025.199951171875
2024-01-30,GOLD,2031.5
2024-01-31,GOLD,2048.39990234375
2024-02-01,GOLD,2053.0
2024-02-02,GOLD,2036.0999755859375
2024-02-05,GOLD,2025.699951171875
2024-02-06,GOLD,2034.5
2024-02-07,GOLD,2035.199951171875
2024-02-08,GOLD,2032.199951171875
2024-02-09,GOLD,2023.300048828125
2024-02-12,GOLD,2018.199951171875
2024-02-13,GOLD,1992.9000244140625
2024-02-14,GOLD,1990.300048828125
2024-02-15,GOLD,2002.0999755859375
2024-02-16,GOLD,2011.5
2024-02-20,GOLD,2027.5
2024-02-21,GOLD,2022.300048828125
2024-02-22,GOLD,2019.699951171875
2024-02-23,GOLD,2038.5999755859375
2024-02-26,GOLD,2028.5
2024-02-27,GOLD,2034.0
2024-02-28,GOLD,2033.0
2024-02-29,GOLD,2045.699951171875
2024-03-01,GOLD,2086.89990234375
2024-03-04,GOLD,2117.699951171875
2024-03-05,GOLD,2133.5
2024-03-06,GOLD,2150.300048828125
2024-03-07,GOLD,2158.0
2024-03-08,GOLD,2178.60009765625
2024-03-11,GOLD,2182.5
2024-03-12,GOLD,2160.39990234375
2024-03-13,GOLD,2175.39990234375
2024-03-14,GOLD,2163.0
2024-03-15,GOLD,2157.300048828125
2024-03-18,GOLD,2160.699951171875
2024-03-19,GOLD,2156.300048828125
2024-03-20,GOLD,2157.89990234375
2024-03-21,GOLD,2182.39990234375
2024-03-22,GOLD,2158.10009765625
2024-03-25,GOLD,2174.800048828125
2024-03-26,GOLD,2175.60009765625
2024-03-27,GOLD,2190.60009765625
2024-03-28,GOLD,2217.39990234375
2024-04-01,GOLD,2236.5
2024-04-02,GOLD,2261.0
2024-04-03,GOLD,2294.39990234375
2024-04-04,GOLD,2288.800048828125
2024-04-05,GOLD,2325.699951171875
2024-04-08,GOLD,2331.699951171875
2024-04-09,GOLD,2343.5
2024-04-10,GOLD,2329.60009765625
2024-04-11,GOLD,2354.800048828125
2024-04-12,GOLD,2356.199951171875
2024-04-15,GOLD,2365.800048828125
2024-04-16,GOLD,2390.800048828125
2024-04-17,GOLD,2371.699951171875
2024-04-18,GOLD,2382.300048828125
2024-04-19,GOLD,2398.39990234375
2024-04-22,GOLD,2332.199951171875
2024-04-23,GOLD,2327.699951171875
2024-04-24,GOLD,2324.5
2024-04-25,GOLD,2329.800048828125
2024-04-26,GOLD,2334.800048828125
2024-04-29,GOLD,2345.39990234375
2024-04-30,GOLD,2291.39990234375
2024-05-01,GOLD,2299.89990234375
2024-05-02,GOLD,2299.199951171875
2024-05-03,GOLD,2299.0
2024-05-06,GOLD,2321.60009765625
2024-05-07,GOLD,2315.199951171875
2024-05-08,GOLD,2313.60009765625
2024-05-09,GOLD,2332.10009765625
2024-05-10,GOLD,2367.300048828125
2024-05-13,GOLD,2336.10009765625
2024-05-14,GOLD,2353.39990234375
2024-05-15,GOLD,2388.699951171875
2024-05-16,GOLD,2380.0
2024-05-17,GOLD,2412.199951171875
2024-05-20,GOLD,2433.89990234375
2024-05-21,GOLD,2421.699951171875
2024-05-22,GOLD,2389.199951171875
2024-05-23,GOLD,2335.0
2024-05-24,GOLD,2332.5
2024-05-28,GOLD,2355.199951171875
2024-05-29,GOLD,2340.300048828125
2024-05-30,GOLD,2342.89990234375
2024-05-31,GOLD,2322.89990234375
2024-06-03,GOLD,2346.60009765625
2024-06-04,GOLD,2325.5
2024-06-05,GOLD,2354.10009765625
2024-06-06,GOLD,2370.300048828125
2024-06-07,GOLD,2305.199951171875
2024-06-10,GOLD,2307.699951171875
2024-06-11,GOLD,2307.5
2024-06-12,GOLD,2336.0
2024-06-13,GOLD,2300.199951171875
2024-06-14,GOLD,2331.39990234375
2024-06-17,GOLD,2312.39990234375
2024-06-18,GOLD,2330.39990234375
2024-06-20,GOLD,2353.800048828125
2024-06-21,GOLD,2316.39990234375
2024-06-24,GOLD,2330.0
2024-06-25,GOLD,2316.60009765625
2024-06-26,GOLD,2299.199951171875
2024-06-27,GOLD,2324.5
2024-06-28,GOLD,2327.699951171875
2024-07-01,GOLD,2327.60009765625
2024-07-02,GOLD,2323.0
2024-07-03,GOLD,2359.800048828125
2024-07-05,GOLD,2388.5
2024-07-08,GOLD,2355.199951171875
2024-07-09,GOLD,2360.10009765625
2024-07-10,GOLD,2372.199951171875
2024-07-11,GOLD,2415.0
2024-07-12,GOLD,2414.0
2024-07-15,GOLD,2422.89990234375
2024-07-16,GOLD,2462.39990234375
2024-07-17,GOLD,2454.800048828125
2024-07-18,GOLD,2451.800048828125
2024-07-19,GOLD,2395.5
2024-07-22,GOLD,2392.0
2024-07-23,GOLD,2404.60009765625
2024-07-24,GOLD,2413.300048828125
2024-07-25,GOLD,2351.89990234375
2024-07-26,GOLD,2380.0
2024-07-29,GOLD,2377.300048828125
2024-07-30,GOLD,2405.0
2024-07-31,GOLD,2426.5
2024-08-01,GOLD,2435.0
2024-08-02,GOLD,2425.699951171875
2024-08-05,GOLD,2401.699951171875
2024-08-06,GOLD,2389.10009765625
2024-08-07,GOLD,2390.5
2024-08-08,GOLD,2422.199951171875
2024-08-09,GOLD,2432.10009765625
2024-08-12,GOLD,2462.39990234375
2024-08-13,GOLD,2466.699951171875
2024-08-14,GOLD,2439.39990234375
2024-08-15,GOLD,2453.10009765625
2024-08-16,GOLD,2498.60009765625
2024-08-19,GOLD,2501.800048828125
2024-08-20,GOLD,2511.300048828125
2024-08-21,GOLD,2508.39990234375
2024-08-22,GOLD,2478.89990234375
2024-08-23,GOLD,2508.39990234375
2024-08-26,GOLD,2517.699951171875
2024-08-27,GOLD,2516.0
2024-08-28,GOLD,2501.0
2024-08-29,GOLD,2525.699951171875
2024-08-30,GOLD,2493.800048828125
2024-09-03,GOLD,2489.89990234375
2024-09-04,GOLD,2493.39990234375
2024-09-05,GOLD,2511.39990234375
2024-09-06,GOLD,2493.5
2024-09-09,GOLD,2501.800048828125
2024-09-10,GOLD,2512.300048828125
2024-09-11,GOLD,2512.10009765625
2024-09-12,GOLD,2551.199951171875
2024-09-13,GOLD,2581.300048828125
2024-09-16,GOLD,2580.39990234375
2024-09-17,GOLD,2564.300048828125
2024-09-18,GOLD,2570.699951171875
2024-09-19,GOLD,2588.0
2024-09-20,GOLD,2619.89990234375
2024-09-23,GOLD,2626.5
2024-09-24,GOLD,2651.199951171875
2024-09-25,GOLD,2659.199951171875
2024-09-26,GOLD,2669.89990234375
2024-09-27,GOLD,2644.300048828125
2024-09-30,GOLD,2636.10009765625
2024-10-01,GOLD,2667.300048828125
2024-10-02,GOLD,2647.10009765625
2024-10-03,GOLD,2657.10009765625
2024-10-04,GOLD,2645.800048828125
2024-10-07,GOLD,2644.800048828125
2024-10-08,GOLD,2615.0
2024-10-09,GOLD,2606.0
2024-10-10,GOLD,2620.60009765625
2024-10-11,GOLD,2657.60009765625
2024-10-14,GOLD,2647.800048828125
2024-10-15,GOLD,2661.39990234375
2024-10-16,GOLD,2674.0
2024-10-17,GOLD,2691.0
2024-10-18,GOLD,2713.699951171875
2024-10-21,GOLD,2723.10009765625
2024-10-22,GOLD,2744.199951171875
2024-10-23,GOLD,2714.39990234375
2024-10-24,GOLD,2734.89990234375
2024-10-25,GOLD,2740.89990234375
2024-10-28,GOLD,2742.89990234375
2024-10-29,GOLD,2768.39990234375
2024-10-30,GOLD,2788.5
2024-10-31,GOLD,2738.300048828125
2024-11-01,GOLD,2738.60009765625
2024-11-04,GOLD,2736.10009765625
2024-11-05,GOLD,2740.300048828125
2024-11-06,GOLD,2667.60009765625
2024-11-07,GOLD,2698.39990234375
2024-11-08,GOLD,2687.5
2024-11-11,GOLD,2611.199951171875
2024-11-12,GOLD,2600.0
2024-11-13,GOLD,2580.800048828125
2024-11-14,GOLD,2568.199951171875
2024-11-15,GOLD,2565.699951171875
2024-11-18,GOLD,2610.60009765625
2024-11-19,GOLD,2627.10009765625
2024-11-20,GOLD,2648.199951171875
2024-11-21,GOLD,2672.10009765625
2024-11-22,GOLD,2709.89990234375
2024-11-25,GOLD,2616.800048828125
2024-11-26,GOLD,2620.300048828125
2024-11-27,GOLD,2639.89990234375
2024-11-29,GOLD,2657.0
2024-12-02,GOLD,2634.89990234375
2024-12-03,GOLD,2644.699951171875
2024-12-04,GOLD,2653.800048828125
2024-12-05,GOLD,2626.60009765625
2024-12-06,GOLD,2638.60009765625
2024-12-09,GOLD,2664.89990234375
2024-12-10,GOLD,2697.60009765625
2024-12-11,GOLD,2733.800048828125
2024-12-12,GOLD,2687.5
2024-12-13,GOLD,2656.0
2024-12-16,GOLD,2651.39990234375
2024-12-17,GOLD,2644.39990234375
2024-12-18,GOLD,2636.5
2024-12-19,GOLD,2592.199951171875
2024-12-20,GOLD,2628.699951171875
2024-12-23,GOLD,2612.300048828125
2024-12-24,GOLD,2620.0
2024-12-26,GOLD,2638.800048828125
2024-12-27,GOLD,2617.199951171875
2024-12-30,GOLD,2606.10009765625
2024-12-31,GOLD,2629.199951171875
2025-01-02,GOLD,2658.89990234375
2025-01-03,GOLD,2645.0
2025-01-06,GOLD,2638.39990234375
2025-01-07,GOLD,2656.699951171875
2025-01-08,GOLD,2664.5
2025-01-09,GOLD,2683.800048828125
2025-01-10,GOLD,2708.5
2025-01-13,GOLD,2673.5
2025-01-14,GOLD,2677.5
2025-01-15,GOLD,2712.5
2025-01-16,GOLD,2746.39990234375
2025-01-17,GOLD,2744.300048828125
2025-01-21,GOLD,2755.0
2025-01-22,GOLD,2767.60009765625
2025-01-23,GOLD,2763.10009765625
2025-01-24,GOLD,2777.300048828125
2025-01-27,GOLD,2737.5
2025-01-28,GOLD,2766.800048828125
2025-01-29,GOLD,2769.10009765625
2025-01-30,GOLD,2823.0
2025-01-31,GOLD,2812.5
2025-02-03,GOLD,2833.89990234375
2025-02-04,GOLD,2853.300048828125
2025-02-05,GOLD,2871.60009765625
2025-02-06,GOLD,2856.0
2025-02-07,GOLD,2867.300048828125
2025-02-10,GOLD,2914.300048828125
2025-02-11,GOLD,2912.5
2025-02-12,GOLD,2909.0
2025-02-13,GOLD,2925.89990234375
2025-02-14,GOLD,2883.60009765625
2025-02-18,GOLD,2931.60009765625
2025-02-19,GOLD,2919.39990234375
2025-02-20,GOLD,2940.0
2025-02-21,GOLD,2937.60009765625
2025-02-24,GOLD,2947.89990234375
2025-02-25,GOLD,2904.5
2025-02-26,GOLD,2916.800048828125
2025-02-27,GOLD,2883.199951171875
2025-02-28,GOLD,2836.800048828125
2025-03-03,GOLD,2890.199951171875
2025-03-04,GOLD,2909.60009765625
2025-03-05,GOLD,2915.300048828125
2025-03-06,GOLD,2916.60009765625
2025-03-07,GOLD,2904.699951171875
2025-03-10,GOLD,2891.0
2025-03-11,GOLD,2912.89990234375
2025-03-12,GOLD,2939.10009765625
2025-03-13,GOLD,2984.300048828125
2025-03-14,GOLD,2994.5
2025-03-17,GOLD,3000.0
2025-03-18,GOLD,3035.10009765625
2025-03-19,GOLD,3035.89990234375
2025-03-20,GOLD,3040.0
2025-03-21,GOLD,3018.199951171875
2025-03-24,GOLD,3013.10009765625
2025-03-25,GOLD,3023.699951171875
2025-03-26,GOLD,3020.89990234375
2025-03-27,GOLD,3060.199951171875
2025-03-28,GOLD,3086.5
2025-03-31,GOLD,3122.800048828125
2025-04-01,GOLD,3118.89990234375
2025-04-02,GOLD,3139.89990234375
2025-04-03,GOLD,3097.0
2025-04-04,GOLD,3012.0
2025-04-07,GOLD,2951.300048828125
2025-04-08,GOLD,2968.39990234375
2025-04-09,GOLD,3056.5
2025-04-10,GOLD,3155.199951171875
2025-04-11,GOLD,3222.199951171875
2025-04-14,GOLD,3204.800048828125
2025-04-15,GOLD,3218.699951171875
2025-04-16,GOLD,3326.60009765625
2025-04-17,GOLD,3308.699951171875
2025-04-21,GOLD,3406.199951171875
2025-04-22,GOLD,3400.800048828125
2025-04-23,GOLD,3276.300048828125
2025-04-24,GOLD,3332.0
2025-04-25,GOLD,3282.39990234375
2025-04-28,GOLD,3332.5
2025-04-29,GOLD,3318.800048828125
2025-04-30,GOLD,3305.0
2025-05-01,GOLD,3210.0
2025-05-02,GOLD,3231.89990234375
2025-05-05,GOLD,3311.300048828125
2025-05-06,GOLD,3411.39990234375
2025-05-07,GOLD,3381.39990234375
2025-05-08,GOLD,3296.60009765625
2025-05-09,GOLD,3335.39990234375
2025-05-12,GOLD,3220.0
2025-05-13,GOLD,3240.300048828125
2025-05-14,GOLD,3181.39990234375
2025-05-15,GOLD,3220.699951171875
2025-05-16,GOLD,3182.0
2025-05-19,GOLD,3228.89990234375
2025-05-20,GOLD,3280.300048828125
2025-05-21,GOLD,3309.300048828125
2025-05-22,GOLD,3292.300048828125
2025-05-23,GOLD,3363.60009765625
2025-05-27,GOLD,3299.10009765625
2025-05-28,GOLD,3293.60009765625
2025-05-29,GOLD,3317.10009765625
2025-05-30,GOLD,3288.89990234375
2025-06-02,GOLD,3370.60009765625
2025-06-03,GOLD,3350.199951171875
2025-06-04,GOLD,3373.5
2025-06-05,GOLD,3350.699951171875
2025-06-06,GOLD,3322.699951171875
2025-06-09,GOLD,3332.10009765625
2025-06-10,GOLD,3320.89990234375
2025-06-11,GOLD,3321.300048828125
2025-06-12,GOLD,3380.89990234375
2025-06-13,GOLD,3431.199951171875
2025-06-16,GOLD,3396.39990234375
2025-06-17,GOLD,3386.60009765625
2025-06-18,GOLD,3389.800048828125
2025-06-20,GOLD,3368.10009765625
2025-06-23,GOLD,3377.699951171875
2025-06-24,GOLD,3317.39990234375
2025-06-25,GOLD,3327.10009765625
2025-06-26,GOLD,3333.5
2025-06-27,GOLD,3273.699951171875
2025-06-30,GOLD,3294.39990234375
2025-07-01,GOLD,3336.699951171875
2025-07-02,GOLD,3348.0
2025-07-03,GOLD,3331.60009765625
2025-07-04,GOLD,3332.5
2025-07-07,GOLD,3332.199951171875
2025-07-08,GOLD,3307.0
2025-07-09,GOLD,3311.60009765625
2025-07-10,GOLD,3317.39990234375
2025-07-11,GOLD,3356.0
2025-07-14,GOLD,3351.5
2025-07-15,GOLD,3329.800048828125
2025-07-16,GOLD,3352.5
2025-07-17,GOLD,3340.10009765625
2025-07-18,GOLD,3353.0
2025-07-21,GOLD,3401.89990234375
2025-07-22,GOLD,3439.199951171875
2025-07-23,GOLD,3394.10009765625
2025-07-24,GOLD,3371.0
2025-07-25,GOLD,3334.0
2025-07-28,GOLD,3309.10009765625
2025-07-29,GOLD,3323.39990234375
2025-07-30,GOLD,3295.800048828125
2025-07-31,GOLD,3293.199951171875
2025-08-01,GOLD,3347.699951171875
2025-08-04,GOLD,3374.39990234375
2025-08-05,GOLD,3381.89990234375
2025-08-06,GOLD,3380.0
2025-08-07,GOLD,3400.300048828125
2025-08-08,GOLD,3439.10009765625
2025-08-11,GOLD,3353.10009765625
2025-08-12,GOLD,3348.89990234375
2025-08-13,GOLD,3358.699951171875
2025-08-14,GOLD,3335.199951171875
2025-08-15,GOLD,3336.0
2025-08-18,GOLD,3331.699951171875
2025-08-19,GOLD,3313.39990234375
2025-08-20,GOLD,3343.39990234375
2025-08-21,GOLD,3336.89990234375
2025-08-22,GOLD,3374.39990234375
2025-08-25,GOLD,3373.800048828125
2025-08-26,GOLD,3388.60009765625
2025-08-27,GOLD,3404.60009765625
2025-08-28,GOLD,3431.800048828125
2025-08-29,GOLD,3473.699951171875
2025-09-02,GOLD,3549.39990234375
2025-09-03,GOLD,3593.199951171875
2025-09-04,GOLD,3565.800048828125
2025-09-05,GOLD,3613.199951171875
2025-09-08,GOLD,3638.10009765625
2025-09-09,GOLD,3643.300048828125
2025-09-10,GOLD,3643.60009765625
2025-09-11,GOLD,3636.89990234375
2025-09-12,GOLD,3649.39990234375
2025-09-15,GOLD,3682.199951171875
2025-09-16,GOLD,3688.89990234375
2025-09-17,GOLD,3681.800048828125
2025-09-18,GOLD,3643.699951171875
2025-09-19,GOLD,3671.5
2025-09-22,GOLD,3740.699951171875
2025-09-23,GOLD,3780.60009765625
2025-09-24,GOLD,3732.10009765625
2025-09-25,GOLD,3736.89990234375
2025-09-26,GOLD,3775.300048828125
2025-09-29,GOLD,3820.89990234375
2025-09-30,GOLD,3840.800048828125
2025-10-01,GOLD,3867.5
2025-10-02,GOLD,3839.699951171875
2025-10-03,GOLD,3880.800048828125
2025-10-06,GOLD,3948.5
2025-10-07,GOLD,3976.60009765625
2025-10-08,GOLD,4043.300048828125
2025-10-09,GOLD,3946.300048828125
2025-10-10,GOLD,3975.89990234375
2025-10-13,GOLD,4108.60009765625
2025-10-14,GOLD,4138.7001953125
2025-10-15,GOLD,4176.89990234375
2025-10-16,GOLD,4280.2001953125
2025-10-17,GOLD,4189.89990234375
2025-10-20,GOLD,4336.39990234375
2025-10-21,GOLD,4087.699951171875
2025-10-22,GOLD,4044.39990234375
2025-10-23,GOLD,4125.5
2025-10-24,GOLD,4118.39990234375
2025-10-27,GOLD,4001.89990234375
2025-10-28,GOLD,3966.199951171875
2025-10-29,GOLD,3983.699951171875
2025-10-30,GOLD,4001.300048828125
2025-10-31,GOLD,3982.199951171875
2025-11-03,GOLD,4000.300048828125
2025-11-04,GOLD,3947.699951171875
2025-11-05,GOLD,3980.300048828125
2025-11-06,GOLD,3979.89990234375
2025-11-07,GOLD,3999.39990234375
2025-11-10,GOLD,4111.7998046875
2025-11-11,GOLD,4106.7998046875
2025-11-12,GOLD,4204.39990234375
2025-11-13,GOLD,4186.89990234375
2025-11-14,GOLD,4087.60009765625
2025-11-17,GOLD,4068.300048828125
2025-11-18,GOLD,4061.300048828125
2025-11-19,GOLD,4077.699951171875
2025-11-20,GOLD,4056.5
2025-11-21,GOLD,4076.699951171875
2025-11-24,GOLD,4091.89990234375
2025-11-25,GOLD,4139.2001953125
2025-11-26,GOLD,4165.2001953125
2025-11-28,GOLD,4218.2998046875
2025-12-01,GOLD,4239.2998046875
2025-12-02,GOLD,4186.60009765625
2025-12-03,GOLD,4199.2998046875
2025-12-04,GOLD,4211.7998046875
2025-12-05,GOLD,4212.89990234375
2025-12-08,GOLD,4187.2001953125
2025-12-09,GOLD,4206.7001953125
2025-12-10,GOLD,4196.39990234375
2025-12-11,GOLD,4285.5
2025-12-12,GOLD,4300.10009765625
2025-12-15,GOLD,4306.7001953125
2025-12-16,GOLD,4304.5
2025-12-17,GOLD,4347.5
2025-12-18,GOLD,4339.5
2025-12-19,GOLD,4361.39990234375
2025-12-22,GOLD,4444.60009765625
2025-12-23,GOLD,4482.7998046875
2025-12-24,GOLD,4480.60009765625
2025-12-26,GOLD,4529.10009765625
2025-12-29,GOLD,4325.10009765625
2025-12-30,GOLD,4370.10009765625
2025-12-31,GOLD,4325.60009765625
2026-01-02,GOLD,4314.39990234375
2026-01-05,GOLD,4436.89990234375
2026-01-06,GOLD,4482.2001953125
2026-01-07,GOLD,4449.2998046875
2026-01-08,GOLD,4449.7001953125
2026-01-09,GOLD,4490.2998046875
2026-01-12,GOLD,4604.2998046875
2026-01-13,GOLD,4589.2001953125
2026-01-14,GOLD,4626.2998046875
2026-01-15,GOLD,4616.2998046875
2026-01-16,GOLD,4588.39990234375
2026-01-20,GOLD,4759.60009765625
2026-01-21,GOLD,4831.7998046875
2026-01-22,GOLD,4908.7998046875
2026-01-23,GOLD,4976.2001953125
2026-01-26,GOLD,5079.7001953125
2026-01-27,GOLD,5079.89990234375
2026-01-28,GOLD,5301.60009765625
2026-01-29,GOLD,5318.39990234375
2026-01-30,GOLD,4713.89990234375
2026-02-02,GOLD,4622.5
2026-02-03,GOLD,4903.7001953125
2026-02-04,GOLD,4920.39990234375
2026-02-05,GOLD,4861.39990234375
2026-02-06,GOLD,4951.2001953125
2026-02-09,GOLD,5050.89990234375
2026-02-10,GOLD,5003.7998046875
2026-02-11,GOLD,5071.60009765625
2026-02-12,GOLD,4923.7001953125
2026-02-13,GOLD,5022.0
2026-02-17,GOLD,4882.89990234375
2026-02-18,GOLD,4986.5
2026-02-19,GOLD,4975.89990234375
2026-02-20,GOLD,5059.2998046875
2026-02-23,GOLD,5204.7001953125
2026-02-24,GOLD,5155.7998046875
2026-02-25,GOLD,5206.39990234375
2026-02-26,GOLD,5176.5
2026-02-27,GOLD,5230.5
2026-03-02,GOLD,5294.39990234375
2026-03-03,GOLD,5107.39990234375
2026-03-04,GOLD,5120.2001953125
2026-03-05,GOLD,5065.2998046875
2026-03-06,GOLD,5146.10009765625
2026-03-09,GOLD,5091.5
2026-03-10,GOLD,5229.7001953125
2026-03-11,GOLD,5167.39990234375
2026-03-12,GOLD,5115.7998046875
2026-03-13,GOLD,5052.5
2026-03-16,GOLD,4994.0
2026-03-17,GOLD,5001.0
2026-03-18,GOLD,4889.89990234375
2026-03-19,GOLD,4600.7001953125
2026-03-20,GOLD,4570.39990234375
2026-03-23,GOLD,4404.10009765625
2026-03-24,GOLD,4399.2998046875
2026-03-25,GOLD,4549.7998046875
2026-03-26,GOLD,4375.5
2026-03-27,GOLD,4492.0
2026-03-30,GOLD,4526.0
2026-03-31,GOLD,4647.60009765625
2026-04-01,GOLD,4783.2001953125
2026-04-02,GOLD,4651.5
2026-04-06,GOLD,4656.7998046875
2026-04-07,GOLD,4657.10009765625
2026-04-08,GOLD,4749.5
2026-04-09,GOLD,4792.2001953125
2026-04-10,GOLD,4761.89990234375
2026-04-13,GOLD,4742.39990234375
2026-04-14,GOLD,4825.0
2026-04-15,GOLD,4800.0
2026-04-16,GOLD,4785.39990234375
2026-04-17,GOLD,4857.60009765625
2026-04-20,GOLD,4806.60009765625
2026-04-21,GOLD,4698.39990234375
2026-04-22,GOLD,4732.5
2026-04-23,GOLD,4705.10009765625
2026-04-24,GOLD,4722.2998046875
2026-04-27,GOLD,4675.39990234375
2026-04-28,GOLD,4591.5
2026-04-29,GOLD,4545.2001953125
2026-04-30,GOLD,4614.7001953125
2026-05-01,GOLD,4629.89990234375
2026-05-04,GOLD,4519.5
2026-05-05,GOLD,4555.7998046875
2026-05-06,GOLD,4681.89990234375
2026-05-07,GOLD,4699.7998046875
2026-05-08,GOLD,4720.39990234375
2026-05-11,GOLD,4718.7001953125
2026-05-12,GOLD,4677.60009765625
2026-05-13,GOLD,4697.7001953125
2026-05-14,GOLD,4678.10009765625
2026-05-15,GOLD,4555.7998046875
2026-05-18,GOLD,4552.5
2026-05-19,GOLD,4506.2998046875
2026-05-20,GOLD,4531.2998046875
2026-05-21,GOLD,4539.7998046875
2026-05-22,GOLD,4521.0
2026-05-26,GOLD,4500.39990234375
2026-05-27,GOLD,4447.5
2026-05-28,GOLD,4499.2998046875
2026-05-29,GOLD,4560.5
2026-06-01,GOLD,4475.2001953125
2026-06-02,GOLD,4489.10009765625
2026-06-03,GOLD,4436.7001953125
2026-06-04,GOLD,4475.7998046875
2026-06-05,GOLD,4337.10009765625
2026-06-08,GOLD,4335.89990234375
2026-06-09,GOLD,4260.0
2026-06-10,GOLD,4108.2001953125
2026-06-11,GOLD,4090.300048828125
2026-06-12,GOLD,4215.0
2026-06-15,GOLD,4328.0
2026-06-16,GOLD,4330.89990234375
2026-06-17,GOLD,4358.89990234375
2026-06-18,GOLD,4224.10009765625
2026-06-22,GOLD,4181.89990234375
2026-06-23,GOLD,4129.89990234375
2026-06-24,GOLD,3990.300048828125
2026-06-25,GOLD,4030.5
2026-06-26,GOLD,4078.699951171875
2026-06-29,GOLD,4022.300048828125
2026-06-30,GOLD,4022.89990234375
2026-07-01,GOLD,4068.300048828125
2026-07-02,GOLD,4112.7001953125
2026-07-06,GOLD,4155.10009765625
2026-07-07,GOLD,4145.2998046875
2026-07-08,GOLD,4070.89990234375
2026-07-09,GOLD,4130.60009765625
2026-07-10,GOLD,4104.10009765625
2026-07-13,GOLD,3997.0
2026-07-14,GOLD,4061.10009765625
2026-07-15,GOLD,4044.0
2026-07-16,GOLD,3985.60009765625
2026-07-17,GOLD,4012.699951171875
2026-07-20,GOLD,4010.300048828125
2026-07-21,GOLD,4071.10009765625
2026-07-22,GOLD,4146.89990234375
2026-07-23,GOLD,4046.60009765625
2026-07-24,GOLD,4060.199951171875
